,Country,Area,Year
0,USA,California,2015.0
1,USA,California,2015.0
2,USA,California,2018.0
3,USA,Georgia,2018.0
4,USA,Hawaii,2018.0
5,AUSTRALIA,New South Wales,2018.0
7,AUSTRALIA,New South Wales,2018.0
9,USA,Florida,2018.0
10,USA,Florida,2018.0
11,USA,Florida,2018.0
12,AUSTRALIA,Queensland,2018.0
13,USA,South Carolina,2018.0
14,USA,South Carolina,2018.0
16,AUSTRALIA,Westerm Australia,2018.0
18,AUSTRALIA,New South Wales,2018.0
21,AUSTRALIA,Western Australia,2018.0
22,AUSTRALIA,New South Wales,2018.0
23,AUSTRALIA,Western Australia,2018.0
24,AUSTRALIA,Western Australia,2018.0
27,USA,Hawaii,2018.0
30,AUSTRALIA,Western Australia,2018.0
31,AUSTRALIA,Western Australia,2018.0
37,USA,Hawaii,2018.0
38,AUSTRALIA,Western Australia,2018.0
39,AUSTRALIA,Victoria,2018.0
40,AUSTRALIA,Victoria,2018.0
42,AUSTRALIA,New South Wales,2018.0
43,AUSTRALIA,Victoria,2018.0
44,AUSTRALIA,New South Wales,2018.0
45,AUSTRALIA,Queensland,2018.0
48,AUSTRALIA,Western Australia,2018.0
49,AUSTRALIA,Western Australia,2018.0
51,AUSTRALIA,Queensland,2018.0
52,AUSTRALIA,New South Wales,2018.0
54,AUSTRALIA,Western Australia,2018.0
55,USA,Hawaii,2017.0
56,USA,California,2017.0
62,USA,California,2017.0
63,USA,Florida,2017.0
65,AUSTRALIA,New South Wales,2017.0
67,AUSTRALIA,Queensland,2017.0
68,AUSTRALIA,New South Wales,2017.0
69,USA,Hawaii,2017.0
71,USA,Florida,2017.0
72,USA,Florida,2017.0
73,AUSTRALIA,South Australia,2017.0
75,USA,Florida,2017.0
76,USA,Hawaii,2017.0
77,USA,Hawaii,2017.0
79,USA,Florida,2017.0
80,AUSTRALIA,Western Australia,2017.0
81,USA,New York,2017.0
82,USA,Florida,2017.0
83,USA,Florida,2017.0
85,USA,Florida,2017.0
88,AUSTRALIA,Westerm Australia,2017.0
89,USA,Florida,2017.0
90,AUSTRALIA,Westerm Australia,2017.0
91,AUSTRALIA,New South Wales,2017.0
95,USA,Florida,2017.0
96,USA,Texas,2017.0
97,USA,Florida,2017.0
98,AUSTRALIA,Victoria,2017.0
99,USA,Florida,2017.0
102,USA,Massachusetts,2017.0
104,USA,South Carolina,2017.0
106,USA,Massachusetts,2017.0
107,USA,California,2017.0
108,USA,Florida,2017.0
109,USA,South Carolina,2017.0
110,USA,South Carolina,2017.0
114,USA,New Jersey,2017.0
116,USA,Florida,2017.0
117,USA,South Carolina,2017.0
118,USA,California,2017.0
119,USA,California,2017.0
120,USA,Washington,2017.0
121,AUSTRALIA,Western Australia,2017.0
122,USA,California,2017.0
123,USA,Florida,2017.0
127,USA,South Carolina,2017.0
128,USA,South Carolina,2017.0
129,USA,Florida,2017.0
130,USA,South Carolina,2017.0
135,AUSTRALIA,Western Australia,2017.0
136,AUSTRALIA,Victoria,2017.0
137,USA,Florida,2017.0
139,USA,Florida,2017.0
141,USA,South Carolina,2017.0
142,USA,Florida,2017.0
143,AUSTRALIA,New South Wales,2017.0
145,AUSTRALIA,Queensland,2017.0
147,USA,California,2017.0
148,USA,California,2017.0
150,USA,South Carolina,2017.0
153,USA,Florida,2017.0
155,USA,South Carolina,2017.0
156,USA,Florida,2017.0
157,AUSTRALIA,Western Australia,2017.0
158,USA,Hawaii,2017.0
159,USA,Florida,2017.0
160,USA,Florida,2017.0
162,USA,Florida,2017.0
163,USA,Florida,2017.0
164,USA,Florida,2017.0
165,USA,Florida,2017.0
166,USA,Florida,2017.0
167,AUSTRALIA,Queensland,2017.0
168,USA,Florida,2017.0
169,USA,Florida,2017.0
170,AUSTRALIA,New South Wales,2017.0
171,USA,California,2017.0
174,AUSTRALIA,Western Australia,2017.0
175,AUSTRALIA,Western Australia,2017.0
177,AUSTRALIA,Queensland,2017.0
178,USA,Florida,2017.0
181,USA,South Carolina,2017.0
184,USA,Florida,2017.0
185,AUSTRALIA,Queensland,2017.0
186,AUSTRALIA,Queensland,2017.0
187,USA,Florida,2017.0
189,USA,Florida,2017.0
190,AUSTRALIA,New South Wales,2017.0
191,USA,Florida,2016.0
192,AUSTRALIA,Western Australia,2016.0
194,AUSTRALIA,Western Australia,2016.0
196,USA,Florida,2016.0
197,AUSTRALIA,New South Wales,2016.0
198,AUSTRALIA,New South Wales,2016.0
199,AUSTRALIA,Victoria,2016.0
200,USA,Hawaii,2016.0
201,USA,Florida,2016.0
202,USA,Florida,2016.0
203,AUSTRALIA,New South Wales,2016.0
204,USA,Hawaii,2016.0
205,AUSTRALIA,Queensland,2016.0
206,USA,Hawaii,2016.0
208,AUSTRALIA,New South Wales,2016.0
209,USA,Oregon,2016.0
210,USA,Florida,2016.0
211,USA,Florida,2016.0
212,AUSTRALIA,New South Wales,2016.0
213,USA,Florida,2016.0
214,USA,Florida,2016.0
215,USA,Florida,2016.0
216,USA,California,2016.0
217,AUSTRALIA,Victoria,2016.0
218,AUSTRALIA,Victoria,2016.0
219,AUSTRALIA,Western Australia,2016.0
220,USA,Florida,2016.0
221,USA,Hawaii,2016.0
223,USA,South Carolina,2016.0
224,AUSTRALIA,Western Australia,2016.0
225,USA,Florida,2016.0
226,USA,California,2016.0
228,USA,Florida,2016.0
229,USA,Florida,2016.0
231,USA,Florida,2016.0
233,USA,Hawaii,2016.0
234,USA,Florida,2016.0
237,AUSTRALIA,Western Australia,2016.0
238,USA,Florida,2016.0
239,AUSTRALIA,New South Wales,2016.0
241,AUSTRALIA,Tasmania,2016.0
243,AUSTRALIA,Queensland,2016.0
244,USA,Alabama,2016.0
245,USA,Florida,2016.0
246,USA,Florida,2016.0
247,USA,California,2016.0
248,USA,South Carolina,2016.0
251,USA,California,2016.0
252,USA,Massachusetts,2016.0
253,USA,California,2016.0
254,USA,Florida,2016.0
255,AUSTRALIA,Queensland,2016.0
256,USA,South Carolina,2016.0
257,USA,North Carolina,2016.0
260,USA,South Carolina,2016.0
261,USA,Florida,2016.0
262,USA,Hawaii,2016.0
263,AUSTRALIA,Western Australia,2016.0
264,USA,Texas,2016.0
265,USA,North Carolina,2016.0
266,USA,South Carolina,2016.0
267,USA,Florida,2016.0
268,AUSTRALIA,Western Australia,2016.0
270,AUSTRALIA,New South Wales,2016.0
272,AUSTRALIA,Western Australia,2016.0
273,USA,California,2016.0
274,USA,Florida,2016.0
275,USA,Florida,2016.0
276,USA,Florida,2016.0
277,USA,Florida,2016.0
278,USA,Florida,2016.0
279,USA,Florida,2016.0
280,USA,Hawaii,2016.0
283,USA,Florida,2016.0
285,AUSTRALIA,New South Wales,2016.0
288,USA,Florida,2016.0
291,USA,Florida,2016.0
292,USA,Florida,2016.0
293,USA,Hawaii,2016.0
294,AUSTRALIA,New South Wales,2016.0
295,USA,Florida,2016.0
296,AUSTRALIA,New South Wales,2016.0
298,USA,California,2016.0
299,USA,Florida,2016.0
301,USA,Florida,2016.0
302,AUSTRALIA,South Australia,2016.0
308,AUSTRALIA,Tasmania,2016.0
309,AUSTRALIA,Queensland,2016.0
310,AUSTRALIA,New South Wales,2016.0
313,USA,Hawaii,2016.0
314,USA,Hawaii,2016.0
315,USA,Texas,2016.0
317,USA,Hawaii,2016.0
318,AUSTRALIA,Queensland,2016.0
319,AUSTRALIA,Queensland,2016.0
320,AUSTRALIA,Queensland,2016.0
323,USA,Hawaii,2015.0
324,AUSTRALIA,New South Wales,2015.0
327,AUSTRALIA,New South Wales,2015.0
331,USA,Florida,2015.0
332,USA,Florida,2015.0
333,USA,Florida,2015.0
334,AUSTRALIA,New South Wales,2015.0
335,USA,Florida,2015.0
336,USA,Hawaii,2015.0
337,USA,Florida,2015.0
339,AUSTRALIA,Western Australia,2015.0
340,USA,Hawaii,2015.0
342,USA,Florida,2015.0
343,USA,Florida,2015.0
345,USA,Hawaii,2015.0
346,USA,Hawaii,2015.0
347,USA,California,2015.0
348,USA,South Carolina,2015.0
349,USA,Hawaii,2015.0
351,AUSTRALIA,Western Australia,2015.0
352,USA,Florida,2015.0
353,USA,Texas,2015.0
354,USA,Florida,2015.0
355,USA,Florida,2015.0
356,AUSTRALIA,Queensland,2015.0
357,USA,California,2015.0
358,USA,Florida,2015.0
359,USA,Hawaii,2015.0
360,USA,Florida,2015.0
361,USA,Florida,2015.0
362,USA,California,2015.0
363,USA,Florida,2015.0
364,USA,Florida,2015.0
365,AUSTRALIA,New South Wales,2015.0
366,USA,California,2015.0
367,USA,California,2015.0
368,AUSTRALIA,New South Wales,2015.0
369,USA,South Carolina,2015.0
372,USA,California,2015.0
373,USA,California,2015.0
374,USA,Florida,2015.0
375,AUSTRALIA,New South Wales,2015.0
376,USA,South Carolina,2015.0
377,USA,Florida,2015.0
378,USA,California,2015.0
380,USA,California,2015.0
381,AUSTRALIA,New South Wales,2015.0
383,AUSTRALIA,Victoria,2015.0
384,USA,Florida,2015.0
385,USA,South Carolina,2015.0
386,AUSTRALIA,Tasmania,2015.0
387,USA,California,2015.0
388,AUSTRALIA,Victoria,2015.0
393,USA,North Carolina,2015.0
394,AUSTRALIA,New South Wales,2015.0
395,AUSTRALIA,New South Wales,2015.0
396,USA,North Carolina,2015.0
397,AUSTRALIA,New South Wales,2015.0
398,USA,South Carolina,2015.0
399,USA,North Carolina,2015.0
401,USA,Florida,2015.0
403,USA,South Carolina,2015.0
404,AUSTRALIA,Western Australia,2015.0
405,USA,North Carolina,2015.0
406,USA,North Carolina,2015.0
407,AUSTRALIA,Western Australia,2015.0
408,USA,South Carolina,2015.0
410,USA,Florida,2015.0
411,USA,North Carolina,2015.0
412,USA,North Carolina,2015.0
413,USA,California,2015.0
414,USA,North Carolina,2015.0
415,USA,Florida,2015.0
416,USA,Florida,2015.0
418,USA,Florida,2015.0
419,USA,Florida,2015.0
421,USA,Florida,2015.0
422,USA,Florida,2015.0
423,USA,South Carolina,2015.0
425,USA,Florida,2015.0
426,AUSTRALIA,New South Wales,2015.0
428,USA,Hawaii,2015.0
429,USA,Florida,2015.0
430,AUSTRALIA,South Australia,2015.0
431,AUSTRALIA,New South Wales,2015.0
432,USA,Florida,2015.0
434,AUSTRALIA,New South Wales,2015.0
435,USA,Florida,2015.0
440,USA,Hawaii,2015.0
442,AUSTRALIA,New South Wales,2015.0
447,AUSTRALIA,New South Wales,2015.0
448,AUSTRALIA,New South Wales,2015.0
449,AUSTRALIA,New South Wales,2015.0
450,AUSTRALIA,Queensland,2015.0
451,USA,Hawaii,2015.0
452,AUSTRALIA,New South Wales,2015.0
454,USA,Florida,2015.0
455,AUSTRALIA,New South Wales,2015.0
456,AUSTRALIA,New South Wales,2015.0
457,AUSTRALIA,New South Wales,2015.0
458,USA,Florida,2015.0
461,USA,Florida,2015.0
462,AUSTRALIA,New South Wales,2014.0
463,AUSTRALIA,Western Australia,2014.0
466,USA,California,2014.0
467,AUSTRALIA,Victoria,2014.0
469,AUSTRALIA,Queensland,2014.0
471,AUSTRALIA,Western Australia,2014.0
473,AUSTRALIA,Western Australia,2014.0
474,USA,California,2014.0
475,USA,Florida,2014.0
476,USA,Hawaii,2014.0
477,AUSTRALIA,New South Wales,2014.0
478,USA,Florida,2014.0
479,USA,Hawaii,2014.0
480,AUSTRALIA,New South Wales,2014.0
481,USA,Hawaii,2014.0
482,USA,Hawaii,2014.0
483,USA,California,2014.0
484,USA,Hawaii,2014.0
485,AUSTRALIA,New South Wales,2014.0
486,USA,South Carolina,2014.0
487,USA,Florida,2014.0
488,AUSTRALIA,Western Australia,2014.0
489,USA,Florida,2014.0
490,USA,Florida,2014.0
491,USA,Florida,2014.0
492,USA,California,2014.0
493,USA,California,2014.0
494,USA,California,2014.0
495,AUSTRALIA,Western Australia,2014.0
496,USA,Florida,2014.0
498,USA,California,2014.0
499,AUSTRALIA,New South Wales,2014.0
500,USA,Alabama,2014.0
501,USA,Massachusetts,2014.0
502,USA,Florida,2014.0
504,USA,Florida,2014.0
505,USA,Florida,2014.0
506,USA,Florida,2014.0
507,USA,Maryland,2014.0
509,USA,North Carolina,2014.0
510,USA,South Carolina,2014.0
511,USA,Florida,2014.0
512,USA,North Carolina,2014.0
513,AUSTRALIA,Western Australia,2014.0
514,USA,Florida,2014.0
515,USA,Florida,2014.0
517,USA,Florida,2014.0
518,USA,Louisiana,2014.0
519,USA,South Carolina,2014.0
520,USA,Florida,2014.0
521,USA,Florida,2014.0
522,USA,Florida,2014.0
525,USA,North Carolina,2014.0
527,USA,Florida,2014.0
529,USA,Hawaii,2014.0
530,USA,Florida,2014.0
532,USA,North Carolina,2014.0
533,USA,Florida,2014.0
534,USA,California,2014.0
535,USA,California,2014.0
536,USA,South Carolina,2014.0
539,AUSTRALIA,South Australia,2014.0
540,AUSTRALIA,South Australia,2014.0
541,AUSTRALIA,Western Australia,2014.0
543,USA,Delaware,2014.0
544,AUSTRALIA,South Australia,2014.0
546,USA,Texas,2014.0
547,USA,Florida,2014.0
548,AUSTRALIA,New South Wales,2014.0
549,USA,Palmyra Atoll,2014.0
550,AUSTRALIA,Queensland,2014.0
552,AUSTRALIA,New South Wales,2014.0
553,USA,Florida,2014.0
554,AUSTRALIA,South Australia,2014.0
555,USA,Florida,2014.0
556,USA,Georgia,2014.0
557,USA,Florida,2014.0
558,USA,South Carolina,2014.0
560,USA,Florida,2014.0
561,AUSTRALIA,Western Australia,2014.0
562,USA,Florida,2014.0
563,USA,Florida,2014.0
566,USA,Florida,2014.0
567,USA,Florida,2014.0
568,AUSTRALIA,New South Wales,2014.0
569,AUSTRALIA,Western Australia,2014.0
571,USA,Florida,2014.0
572,USA,Florida,2014.0
574,AUSTRALIA,Victoria,2014.0
575,AUSTRALIA,New South Wales,2014.0
576,AUSTRALIA,New South Wales,2014.0
578,USA,Florida,2014.0
581,AUSTRALIA,South Australia,2014.0
584,AUSTRALIA,New South Wales,2014.0
587,USA,Hawaii,2014.0
592,USA,Hawaii,2013.0
593,USA,Florida,2013.0
594,AUSTRALIA,New South Wales,2013.0
595,USA,Hawaii,2013.0
596,AUSTRALIA,New South Wales,2013.0
597,USA,Hawaii,2013.0
598,AUSTRALIA,Western Australia,2013.0
599,USA,Oregon,2013.0
600,AUSTRALIA,Western Australia,2013.0
602,USA,New Jersey,2013.0
603,USA,Florida,2013.0
604,USA,Hawaii,2013.0
605,AUSTRALIA,Western Australia,2013.0
607,AUSTRALIA,Western Australia,2013.0
608,AUSTRALIA,New South Wales,2013.0
609,USA,Hawaii,2013.0
610,USA,Hawaii,2013.0
611,USA,Florida,2013.0
613,AUSTRALIA,Western Australia,2013.0
614,USA,California,2013.0
615,USA,Florida,2013.0
616,USA,Florida,2013.0
618,USA,Florida,2013.0
619,USA,Florida,2013.0
620,USA,Florida,2013.0
621,USA,Florida,2013.0
622,USA,Florida,2013.0
623,USA,South Carolina,2013.0
624,USA,Florida,2013.0
625,USA,Florida,2013.0
626,USA,Florida,2013.0
627,USA,Florida,2013.0
629,USA,Florida,2013.0
631,USA,California,2013.0
632,USA,California,2013.0
634,USA,Florida,2013.0
635,AUSTRALIA,New South Wales,2013.0
636,USA,Hawaii,2013.0
637,USA,California,2013.0
638,USA,Hawaii,2013.0
639,USA,Hawaii,2013.0
640,USA,South Carolina,2013.0
642,USA,Florida,2013.0
643,USA,Hawaii,2013.0
644,USA,South Carolina,2013.0
647,USA,Hawaii,2013.0
651,USA,Alabama,2013.0
652,USA,Florida,2013.0
655,USA,North Carolina,2013.0
657,AUSTRALIA,Victoria,2013.0
660,USA,California,2013.0
661,USA,Florida,2013.0
662,USA,South Carolina,2013.0
663,USA,Hawaii,2013.0
664,USA,Texas,2013.0
666,USA,Florida,2013.0
667,USA,South Carolina,2013.0
668,USA,Florida,2013.0
669,AUSTRALIA,New South Wales,2013.0
670,USA,Hawaii,2013.0
671,USA,Florida,2013.0
675,USA,California,2013.0
677,USA,Florida,2013.0
678,AUSTRALIA,New South Wales,2013.0
680,AUSTRALIA,New South Wales,2013.0
681,USA,Florida,2013.0
683,USA,Florida,2013.0
686,USA,Florida,2013.0
687,AUSTRALIA,Western Australia,2013.0
688,USA,Hawaii,2013.0
689,AUSTRALIA,New South Wales,2013.0
696,AUSTRALIA,Western Australia,2013.0
700,USA,Hawaii,2013.0
701,USA,Hawaii,2013.0
702,USA,Florida,2013.0
705,AUSTRALIA,Victoria,2013.0
706,AUSTRALIA,Queensland,2013.0
707,AUSTRALIA,Queensland,2013.0
708,USA,Hawaii,2013.0
710,AUSTRALIA,Western Australia,2013.0
711,USA,Florida,2012.0
712,AUSTRALIA,New South Wales,2012.0
713,AUSTRALIA,New South Wales,2012.0
715,AUSTRALIA,Western Australia,2012.0
716,USA,Hawaii,2012.0
717,AUSTRALIA,New South Wales,2012.0
719,USA,Hawaii,2012.0
720,AUSTRALIA,Queensland,2012.0
722,USA,Florida,2012.0
723,USA,Hawaii,2012.0
724,USA,Hawaii,2012.0
725,USA,California,2012.0
726,USA,Hawaii,2012.0
727,USA,California,2012.0
728,USA,Florida,2012.0
729,USA,Florida,2012.0
730,USA,Hawaii,2012.0
731,USA,Florida,2012.0
733,USA,California,2012.0
734,AUSTRALIA,Western Australia,2012.0
735,USA,Florida,2012.0
736,USA,Florida,2012.0
737,USA,Florida,2012.0
739,USA,Florida,2012.0
740,USA,Florida,2012.0
741,USA,Florida,2012.0
742,USA,Florida,2012.0
743,USA,Florida,2012.0
744,USA,Florida,2012.0
745,USA,Florida,2012.0
746,USA,Hawaii,2012.0
747,USA,Florida,2012.0
749,AUSTRALIA,Western Australia,2012.0
751,USA,Alabama,2012.0
752,AUSTRALIA,Western Australia,2012.0
753,USA,Florida,2012.0
756,USA,California,2012.0
757,AUSTRALIA,South Australia,2012.0
758,USA,Hawaii,2012.0
759,USA,Massachusetts,2012.0
760,USA,North Carolina,2012.0
764,AUSTRALIA,Western Australia,2012.0
765,USA,North Carolina,2012.0
767,AUSTRALIA,Victoria,2012.0
768,USA,California,2012.0
771,USA,Florida,2012.0
772,USA,Florida,2012.0
773,USA,Hawaii,2012.0
774,AUSTRALIA,Tasmania,2012.0
775,USA,Florida,2012.0
776,AUSTRALIA,Western Australia,2012.0
777,USA,South Carolina,2012.0
778,USA,North Carolina,2012.0
779,USA,Florida,2012.0
780,USA,South Carolina,2012.0
781,USA,South Carolina,2012.0
782,USA,South Carolina,2012.0
783,USA,South Carolina,2012.0
784,AUSTRALIA,Victoria,2012.0
786,AUSTRALIA,New South Wales,2012.0
787,USA,Florida,2012.0
788,USA,South Carolina,2012.0
789,USA,North Carolina,2012.0
791,USA,Florida,2012.0
792,USA,Hawaii,2012.0
794,USA,California,2012.0
795,USA,Florida,2012.0
796,USA,California,2012.0
797,USA,Florida,2012.0
799,AUSTRALIA,South Australia,2012.0
800,USA,Hawaii,2012.0
801,USA,Florida,2012.0
802,AUSTRALIA,Western Australia,2012.0
803,USA,Florida,2012.0
804,AUSTRALIA,Western Australia,2012.0
805,AUSTRALIA,Queensland,2012.0
806,USA,Florida,2012.0
807,USA,Florida,2012.0
808,USA,Florida,2012.0
810,AUSTRALIA,Victoria,2012.0
812,USA,Florida,2012.0
815,USA,Florida,2012.0
816,AUSTRALIA,New South Wales,2012.0
818,AUSTRALIA,Queensland,2012.0
819,USA,Hawaii,2012.0
820,AUSTRALIA,Western Australia,2012.0
823,AUSTRALIA,New South Wales,2012.0
825,USA,Oregon,2012.0
826,AUSTRALIA,New South Wales,2012.0
827,AUSTRALIA,Queensland,2012.0
828,USA,Florida,2011.0
831,USA,Florida,2011.0
832,USA,Hawaii,2011.0
834,AUSTRALIA,New South Wales,2011.0
836,AUSTRALIA,New South Wales,2011.0
837,USA,Oregon,2011.0
838,AUSTRALIA,Queensland,2011.0
839,AUSTRALIA,New South Wales,2011.0
841,AUSTRALIA,Queensland,2011.0
842,USA,California,2011.0
846,USA,California,2011.0
849,AUSTRALIA,Western Australia,2011.0
850,USA,Oregon,2011.0
851,AUSTRALIA,Victoria,2011.0
852,USA,Florida,2011.0
853,USA,Oregon,2011.0
854,AUSTRALIA,Western Australia,2011.0
856,USA,Florida,2011.0
857,USA,Alabama,2011.0
858,USA,Puerto Rico,2011.0
861,USA,Florida,2011.0
862,USA,South Carolina,2011.0
863,USA,Hawaii,2011.0
866,USA,Florida,2011.0
867,USA,California,2011.0
869,USA,Hawaii,2011.0
870,AUSTRALIA,Western Australia,2011.0
871,USA,Florida,2011.0
872,USA,Florida,2011.0
873,AUSTRALIA,Queensland,2011.0
874,USA,Texas,2011.0
876,USA,North Carolina,2011.0
877,USA,North Carolina,2011.0
880,USA,North Carolina,2011.0
881,USA,North Carolina,2011.0
884,USA,Puerto Rico,2011.0
886,USA,South Carolina,2011.0
887,USA,North Carolina,2011.0
891,USA,New Jersey,2011.0
893,USA,North Carolina,2011.0
895,USA,Texas,2011.0
897,USA,Texas,2011.0
898,USA,Texas,2011.0
904,USA,North Carolina,2011.0
905,USA,California,2011.0
906,USA,Florida,2011.0
911,USA,Florida,2011.0
913,USA,California,2011.0
914,USA,Florida,2011.0
916,USA,Texas,2011.0
918,USA,Hawaii,2011.0
919,USA,Hawaii,2011.0
921,USA,Florida,2011.0
923,USA,Florida,2011.0
924,USA,Florida,2011.0
927,USA,Florida,2011.0
928,AUSTRALIA,Western Australia,2011.0
929,USA,Florida,2011.0
933,USA,Texas,2011.0
935,AUSTRALIA,New South Wales,2011.0
938,AUSTRALIA,New South Wales,2011.0
940,AUSTRALIA,New South Wales,2011.0
941,AUSTRALIA,Queensland,2011.0
944,AUSTRALIA,South Australia,2011.0
945,AUSTRALIA,Queensland,2011.0
946,AUSTRALIA,Western Australia,2011.0
952,AUSTRALIA,New South Wales,2011.0
955,AUSTRALIA,Western Australia,2011.0
956,USA,Hawaii,2010.0
958,USA,Hawaii,2010.0
966,AUSTRALIA,Western Australia,2010.0
967,USA,Palmyra Atoll,2010.0
970,AUSTRALIA,Western Australia,2010.0
971,AUSTRALIA,Western Australia,2010.0
972,AUSTRALIA,Western Australia,2010.0
973,USA,Oregon,2010.0
975,USA,Maine,2010.0
976,AUSTRALIA,Western Australia,2010.0
977,USA,California,2010.0
979,AUSTRALIA,New South Wales,2010.0
983,USA,Oregon,2010.0
984,USA,Virginia,2010.0
986,AUSTRALIA,New South Wales,2010.0
987,USA,Florida,2010.0
989,USA,Florida,2010.0
990,USA,Florida,2010.0
991,USA,Florida,2010.0
994,USA,Florida,2010.0
995,AUSTRALIA,Western Australia,2010.0
996,USA,California,2010.0
997,AUSTRALIA,Queensland,2010.0
999,AUSTRALIA,New South Wales,2010.0
1000,USA,North Carolina,2010.0
1002,USA,Florida,2010.0
1003,USA,California,2010.0
1004,USA,Florida,2010.0
1005,USA,South Carolina,2010.0
1006,USA,Florida,2010.0
1007,USA,South Carolina,2010.0
1008,USA,North Carolina,2010.0
1009,USA,Florida,2010.0
1011,USA,Texas,2010.0
1012,USA,Florida,2010.0
1014,USA,New York,2010.0
1015,USA,California,2010.0
1016,USA,California,2010.0
1017,USA,Texas,2010.0
1018,USA,South Carolina,2010.0
1019,USA,North Carolina,2010.0
1021,USA,Florida,2010.0
1022,AUSTRALIA,Western Australia,2010.0
1023,USA,Florida,2010.0
1024,USA,Florida,2010.0
1027,AUSTRALIA,New South Wales,2010.0
1029,USA,Florida,2010.0
1030,USA,Florida,2010.0
1031,USA,Hawaii,2010.0
1038,AUSTRALIA,Queensland,2010.0
1039,AUSTRALIA,New South Wales,2010.0
1041,AUSTRALIA,New South Wales,2010.0
1042,USA,Florida,2010.0
1044,USA,Florida,2010.0
1047,AUSTRALIA,Queensland,2010.0
1049,AUSTRALIA,Victoria,2010.0
1051,AUSTRALIA,Torres Strait,2010.0
1055,USA,Florida,2010.0
1058,AUSTRALIA,New South Wales,2009.0
1060,AUSTRALIA,Queensland,2009.0
1061,AUSTRALIA,Queensland,2009.0
1065,AUSTRALIA,New South Wales,2009.0
1066,AUSTRALIA,New South Wales,2009.0
1067,USA,New Jersey,2009.0
1068,USA,California,2009.0
1069,USA,Florida,2009.0
1070,USA,California,2009.0
1071,USA,Florida,2009.0
1072,USA,Florida,2009.0
1073,USA,Florida,2009.0
1074,AUSTRALIA,South Australia,2009.0
1075,USA,California,2009.0
1076,AUSTRALIA,Victoria,2009.0
1078,AUSTRALIA,New South Wales,2009.0
1079,USA,California,2009.0
1080,USA,Hawaii,2009.0
1083,AUSTRALIA,Western Australia,2009.0
1084,USA,California,2009.0
1086,USA,Florida,2009.0
1090,USA,North Carolina,2009.0
1094,USA,California,2009.0
1096,USA,California,2009.0
1098,USA,Florida,2009.0
1099,USA,Hawaii,2009.0
1100,USA,Louisiana,2009.0
1102,AUSTRALIA,New South Wales,2009.0
1105,USA,Texas,2009.0
1107,USA,North Carolina,2009.0
1108,USA,Florida,2009.0
1111,USA,California,2009.0
1113,USA,Florida,2009.0
1114,USA,Florida,2009.0
1115,AUSTRALIA,New South Wales,2009.0
1116,USA,California,2009.0
1117,USA,Florida,2009.0
1123,USA,Florida,2009.0
1124,USA,Florida,2009.0
1125,USA,Florida,2009.0
1126,USA,Florida,2009.0
1129,USA,Florida,2009.0
1130,USA,California,2009.0
1131,USA,Florida,2009.0
1133,USA,Florida,2009.0
1134,USA,Florida,2009.0
1135,USA,Hawaii,2009.0
1136,AUSTRALIA,New South Wales,2009.0
1138,USA,California,2009.0
1139,USA,Florida,2009.0
1142,AUSTRALIA,New South Wales,2009.0
1143,AUSTRALIA,New South Wales,2009.0
1144,AUSTRALIA,New South Wales,2009.0
1145,USA,Florida,2009.0
1147,USA,Hawaii,2009.0
1148,AUSTRALIA,Western Australia,2009.0
1152,AUSTRALIA,New South Wales,2009.0
1153,AUSTRALIA,Queensland,2009.0
1154,AUSTRALIA,New South Wales,2009.0
1155,AUSTRALIA,New South Wales,2009.0
1156,AUSTRALIA,New South Wales,2009.0
1157,USA,Puerto Rico,2009.0
1158,AUSTRALIA,New South Wales,2009.0
1159,AUSTRALIA,New South Wales,2009.0
1164,AUSTRALIA,New South Wales,2009.0
1167,AUSTRALIA,Victoria,2009.0
1170,AUSTRALIA,New South Wales,2009.0
1171,AUSTRALIA,Tasmania,2009.0
1172,AUSTRALIA,New South Wales,2009.0
1177,AUSTRALIA,Western Australia,2008.0
1178,AUSTRALIA,Tasmania,2008.0
1179,AUSTRALIA,New South Wales,2008.0
1180,AUSTRALIA,New South Wales,2008.0
1181,AUSTRALIA,Western Australia,2008.0
1182,USA,California,2008.0
1185,AUSTRALIA,New South Wales,2008.0
1190,AUSTRALIA,South Australia,2008.0
1193,AUSTRALIA,New South Wales,2008.0
1195,AUSTRALIA,Northern Territory,2008.0
1196,AUSTRALIA,New South Wales,2008.0
1197,USA,Florida,2008.0
1199,USA,Florida,2008.0
1200,USA,Florida,2008.0
1201,AUSTRALIA,Northern Territory,2008.0
1202,USA,Florida,2008.0
1203,USA,Hawaii,2008.0
1204,USA,California,2008.0
1205,AUSTRALIA,New South Wales,2008.0
1206,USA,Florida,2008.0
1207,USA,Florida,2008.0
1208,USA,Florida,2008.0
1209,USA,Florida,2008.0
1210,AUSTRALIA,New South Wales,2008.0
1211,USA,Hawaii,2008.0
1213,USA,Florida,2008.0
1214,USA,Florida,2008.0
1215,USA,Florida,2008.0
1216,USA,North Carolina,2008.0
1217,USA,Florida,2008.0
1218,USA,South Carolina,2008.0
1219,USA,US Virgin Islands,2008.0
1220,USA,Florida,2008.0
1221,USA,Hawaii,2008.0
1222,AUSTRALIA,Victoria,2008.0
1226,USA,Hawaii,2008.0
1227,USA,Florida,2008.0
1228,USA,Hawaii,2008.0
1229,USA,North Carolina,2008.0
1230,USA,North Carolina,2008.0
1231,USA,Florida,2008.0
1232,USA,Florida,2008.0
1234,USA,North Carolina,2008.0
1235,USA,South Carolina,2008.0
1236,USA,North Carolina,2008.0
1237,USA,South Carolina,2008.0
1239,USA,Hawaii,2008.0
1243,USA,Florida,2008.0
1244,USA,South Carolina,2008.0
1246,USA,California,2008.0
1247,USA,Florida,2008.0
1249,USA,Florida,2008.0
1251,USA,South Carolina,2008.0
1253,USA,North Carolina,2008.0
1258,AUSTRALIA,Western Australia,2008.0
1260,USA,Florida,2008.0
1263,USA,Florida,2008.0
1264,USA,Florida,2008.0
1266,USA,Florida,2008.0
1267,USA,California,2008.0
1268,USA,Florida,2008.0
1269,AUSTRALIA,New South Wales,2008.0
1272,AUSTRALIA,Queensland,2008.0
1273,USA,Florida,2008.0
1275,USA,Florida,2008.0
1276,USA,Florida,2008.0
1277,AUSTRALIA,New South Wales,2008.0
1278,USA,Florida,2008.0
1280,USA,Florida,2008.0
1281,USA,Florida,2008.0
1282,USA,Florida,2008.0
1283,USA,Florida,2008.0
1284,USA,Florida,2008.0
1285,USA,California,2008.0
1288,USA,Florida,2008.0
1289,AUSTRALIA,New South Wales,2008.0
1290,USA,Florida,2008.0
1293,AUSTRALIA,Queensland,2008.0
1296,USA,Florida,2008.0
1297,USA,Florida,2008.0
1301,AUSTRALIA,New South Wales,2007.0
1302,AUSTRALIA,Queensland,2007.0
1303,AUSTRALIA,New South Wales,2007.0
1304,USA,Hawaii,2007.0
1307,AUSTRALIA,Western Australia,2007.0
1308,AUSTRALIA,New South Wales,2007.0
1310,USA,Florida,2007.0
1311,USA,Florida,2007.0
1314,USA,Hawaii,2007.0
1315,AUSTRALIA,New South Wales,2007.0
1316,AUSTRALIA,Queensland,2007.0
1317,USA,California,2007.0
1318,USA,Florida,2007.0
1319,USA,California,2007.0
1323,USA,California,2007.0
1325,USA,Florida,2007.0
1326,USA,Florida,2007.0
1327,USA,Florida,2007.0
1329,USA,Florida,2007.0
1330,USA,Florida,2007.0
1331,USA,Florida,2007.0
1332,USA,Florida,2007.0
1333,USA,Florida,2007.0
1334,USA,South Carolina,2007.0
1335,USA,Florida,2007.0
1336,USA,Florida,2007.0
1337,USA,Hawaii,2007.0
1338,USA,California,2007.0
1339,USA,Florida,2007.0
1340,USA,Florida,2007.0
1341,USA,North Carolina,2007.0
1342,USA,Delaware,2007.0
1343,USA,Florida,2007.0
1344,USA,Florida,2007.0
1345,USA,South Carolina,2007.0
1346,USA,Florida,2007.0
1347,USA,Florida,2007.0
1348,USA,Florida,2007.0
1349,USA,South Carolina,2007.0
1350,USA,South Carolina,2007.0
1351,USA,Florida,2007.0
1352,USA,Florida,2007.0
1353,USA,California,2007.0
1354,USA,California,2007.0
1355,USA,California,2007.0
1356,USA,Hawaii,2007.0
1357,AUSTRALIA,Territory of Cocos (Keeling) Islands,2007.0
1358,USA,North Carolina,2007.0
1360,USA,California,2007.0
1361,USA,North Carolina,2007.0
1363,USA,Florida,2007.0
1366,USA,Florida,2007.0
1367,USA,California,2007.0
1368,USA,Florida,2007.0
1369,USA,Hawaii,2007.0
1370,USA,Florida,2007.0
1371,USA,Florida,2007.0
1372,AUSTRALIA,New South Wales,2007.0
1373,USA,South Carolina,2007.0
1374,USA,Virginia,2007.0
1376,AUSTRALIA,Western Australia,2007.0
1377,AUSTRALIA,Victoria,2007.0
1378,USA,Florida,2007.0
1380,AUSTRALIA,New South Wales,2007.0
1381,USA,Hawaii,2007.0
1382,USA,Florida,2007.0
1385,AUSTRALIA,Queensland,2007.0
1386,USA,Florida,2007.0
1387,USA,Florida,2007.0
1388,USA,Florida,2007.0
1390,USA,Florida,2007.0
1391,USA,Florida,2007.0
1392,USA,Florida,2007.0
1394,USA,Florida,2007.0
1395,AUSTRALIA,New South Wales,2007.0
1396,USA,Florida,2007.0
1397,AUSTRALIA,Queensland,2007.0
1398,USA,Florida,2007.0
1401,AUSTRALIA,New South Wales,2007.0
1404,USA,Florida,2007.0
1405,AUSTRALIA,New South Wales,2007.0
1406,AUSTRALIA,New South Wales,2007.0
1408,AUSTRALIA,New South Wales,2007.0
1409,USA,New York,2007.0
1410,USA,Hawaii,2007.0
1411,AUSTRALIA,Victoria,2006.0
1413,USA,California,2006.0
1415,AUSTRALIA,Western Australia,2006.0
1417,USA,Hawaii,2006.0
1419,USA,Oregon,2006.0
1420,USA,Florida,2006.0
1421,USA,Florida,2006.0
1422,USA,Texas,2006.0
1423,USA,Florida,2006.0
1427,USA,Florida,2006.0
1428,USA,Florida,2006.0
1429,USA,North Carolina,2006.0
1430,USA,Florida,2006.0
1431,USA,Florida,2006.0
1432,AUSTRALIA,Queensland,2006.0
1434,USA,Florida,2006.0
1435,USA,Florida,2006.0
1437,USA,Oregon,2006.0
1438,AUSTRALIA,South Australia,2006.0
1446,USA,North Carolina,2006.0
1448,USA,Kentucky,2006.0
1449,USA,Oregon,2006.0
1450,USA,California,2006.0
1451,USA,Florida,2006.0
1453,USA,Florida,2006.0
1454,USA,Texas,2006.0
1455,AUSTRALIA,Torres Strait,2006.0
1456,USA,South Carolina,2006.0
1458,USA,South Carolina,2006.0
1460,USA,Florida,2006.0
1461,USA,Florida,2006.0
1462,USA,South Carolina,2006.0
1463,USA,Florida,2006.0
1464,USA,Florida,2006.0
1465,USA,Florida,2006.0
1466,USA,Florida,2006.0
1467,USA,Florida,2006.0
1469,USA,Florida,2006.0
1471,USA,California,2006.0
1472,USA,Florida,2006.0
1473,USA,South Carolina,2006.0
1474,AUSTRALIA,South Australia,2006.0
1475,USA,Hawaii,2006.0
1476,USA,Hawaii,2006.0
1477,USA,Hawaii,2006.0
1478,USA,Hawaii,2006.0
1480,USA,Guam,2006.0
1481,USA,Florida,2006.0
1482,USA,Florida,2006.0
1483,AUSTRALIA,Queensland,2006.0
1484,USA,Florida,2006.0
1485,USA,Florida,2006.0
1486,USA,Florida,2006.0
1487,USA,Florida,2006.0
1488,AUSTRALIA,New South Wales,2006.0
1491,USA,Florida,2006.0
1493,USA,Hawaii,2006.0
1496,AUSTRALIA,New South Wales,2006.0
1497,USA,Hawaii,2006.0
1498,USA,Hawaii,2006.0
1499,AUSTRALIA,Queensland,2006.0
1500,AUSTRALIA,Queensland,2006.0
1501,AUSTRALIA,South Australia,2006.0
1504,USA,Hawaii,2006.0
1508,USA,California,2006.0
1509,AUSTRALIA,Western Australia,2006.0
1511,AUSTRALIA,Queensland,2006.0
1512,USA,Florida,2006.0
1514,USA,Oregon,2005.0
1515,USA,Hawaii,2005.0
1517,AUSTRALIA,Queensland,2005.0
1518,AUSTRALIA,South Australia,2005.0
1519,USA,Florida,2005.0
1520,USA,Florida,2005.0
1521,AUSTRALIA,Victoria,2005.0
1522,AUSTRALIA,Victoria,2005.0
1525,USA,Florida,2005.0
1526,USA,Florida,2005.0
1529,USA,Florida,2005.0
1530,USA,California,2005.0
1531,USA,California,2005.0
1532,USA,Florida,2005.0
1535,USA,California,2005.0
1536,USA,California,2005.0
1537,USA,Florida,2005.0
1538,USA,Hawaii,2005.0
1540,USA,Florida,2005.0
1543,AUSTRALIA,New South Wales,2005.0
1544,AUSTRALIA,South Australia,2005.0
1545,AUSTRALIA,Western Australia,2005.0
1546,USA,Florida,2005.0
1547,USA,South Carolina,2005.0
1548,USA,South Carolina,2005.0
1549,AUSTRALIA,New South Wales,2005.0
1550,USA,North Carolina,2005.0
1551,AUSTRALIA,South Australia,2005.0
1552,USA,Florida,2005.0
1554,AUSTRALIA,South Australia,2005.0
1555,USA,California,2005.0
1556,USA,South Carolina,2005.0
1557,USA,South Carolina,2005.0
1558,USA,Texas,2005.0
1560,USA,North Carolina,2005.0
1561,USA,South Carolina,2005.0
1563,USA,Florida,2005.0
1564,USA,Florida,2005.0
1565,USA,Florida,2005.0
1568,AUSTRALIA,,2005.0
1569,USA,North Carolina,2005.0
1570,USA,Texas,2005.0
1571,USA,Florida,2005.0
1572,USA,Florida,2005.0
1573,USA,Florida,2005.0
1576,USA,Hawaii,2005.0
1577,USA,Florida,2005.0
1579,USA,South Carolina,2005.0
1580,USA,New Jersey,2005.0
1582,USA,Texas,2005.0
1583,USA,Florida,2005.0
1584,USA,Florida,2005.0
1586,AUSTRALIA,Queensland,2005.0
1587,USA,Hawaii,2005.0
1589,USA,South Carolina,2005.0
1590,USA,Hawaii,2005.0
1591,AUSTRALIA,New South Wales,2005.0
1592,AUSTRALIA,New South Wales,2005.0
1593,AUSTRALIA,Northern Territory,2005.0
1594,AUSTRALIA,New South Wales,2005.0
1595,USA,Florida,2005.0
1596,USA,Florida,2005.0
1597,USA,Texas,2005.0
1598,USA,Florida,2005.0
1601,AUSTRALIA,New South Wales,2005.0
1603,AUSTRALIA,Western Australia,2005.0
1604,USA,New Mexico,2005.0
1608,AUSTRALIA,Queensland,2005.0
1609,USA,Florida,2005.0
1610,USA,Hawaii,2005.0
1611,USA,Florida,2005.0
1614,AUSTRALIA,Victoria,2005.0
1615,AUSTRALIA,Victoria,2005.0
1618,AUSTRALIA,South Australia,2004.0
1619,AUSTRALIA,Queensland,2004.0
1623,USA,California,2004.0
1629,AUSTRALIA,New South Wales,2004.0
1630,USA,California,2004.0
1631,USA,Hawaii,2004.0
1634,USA,California,2004.0
1635,USA,California,2004.0
1636,AUSTRALIA,Queensland,2004.0
1637,USA,Oregon,2004.0
1638,USA,Texas,2004.0
1640,USA,South Carolina ,2004.0
1641,USA,Florida,2004.0
1643,USA,California,2004.0
1644,USA,California,2004.0
1645,USA,Florida,2004.0
1646,AUSTRALIA,New South Wales,2004.0
1648,USA,Florida,2004.0
1650,USA,North Carolina,2004.0
1651,USA,North Carolina,2004.0
1652,USA,Texas,2004.0
1653,USA,Texas,2004.0
1654,AUSTRALIA,Western Australia,2004.0
1656,AUSTRALIA,Western Australia,2004.0
1658,USA,Alabama,2004.0
1659,USA,California,2004.0
1660,AUSTRALIA,Western Australia,2004.0
1661,USA,Florida,2004.0
1662,AUSTRALIA,Western Australia,2004.0
1663,USA,Florida,2004.0
1665,USA,Texas,2004.0
1667,USA,California,2004.0
1668,USA,Florida,2004.0
1669,USA,Florida,2004.0
1670,USA,Florida,2004.0
1673,USA,Texas,2004.0
1675,AUSTRALIA,New South Wales,2004.0
1679,USA,Hawaii,2004.0
1681,USA,Hawaii,2004.0
1682,USA,Florida,2004.0
1683,USA,Florida,2004.0
1685,USA,Florida,2004.0
1687,USA,Florida,2004.0
1688,USA,Hawaii,2004.0
1690,USA,Hawaii,2004.0
1691,AUSTRALIA,Western Australia,2004.0
1694,AUSTRALIA,New South Wales,2004.0
1695,AUSTRALIA,Queensland,2004.0
1697,AUSTRALIA,New South Wales,2004.0
1698,AUSTRALIA,Western Australia,2004.0
1704,AUSTRALIA,New South Wales,2004.0
1708,AUSTRALIA,Western Australia,2004.0
1710,USA,Florida,2003.0
1711,USA,Florida,2003.0
1713,AUSTRALIA,Victoria,2003.0
1714,AUSTRALIA,Western Australia,2003.0
1715,AUSTRALIA,Western Australia,2003.0
1717,USA,Florida,2003.0
1719,USA,Florida,2003.0
1722,AUSTRALIA,New South Wales,2003.0
1724,USA,Florida,2003.0
1725,AUSTRALIA,New South Wales,2003.0
1726,USA,Hawaii,2003.0
1727,USA,Florida,2003.0
1728,USA,Hawaii,2003.0
1729,USA,Florida,2003.0
1730,USA,Florida,2003.0
1731,USA,Florida,2003.0
1732,USA,Florida,2003.0
1733,USA,Florida,2003.0
1734,USA,Florida,2003.0
1735,USA,Hawaii,2003.0
1737,USA,Florida,2003.0
1738,USA,Florida,2003.0
1739,USA,Florida,2003.0
1740,USA,Florida,2003.0
1741,USA,Florida,2003.0
1743,USA,Florida,2003.0
1744,USA,Florida,2003.0
1745,USA,South Carolina,2003.0
1747,USA,Florida,2003.0
1748,USA,Texas,2003.0
1749,USA,California,2003.0
1750,USA,California,2003.0
1752,AUSTRALIA,Northern Territory,2003.0
1753,USA,Florida,2003.0
1754,USA,Florida,2003.0
1756,USA,Florida,2003.0
1757,USA,Florida,2003.0
1759,USA,Florida,2003.0
1762,USA,Florida,2003.0
1763,USA,Florida,2003.0
1765,USA,Florida,2003.0
1766,USA,Hawaii,2003.0
1767,USA,Johnston Atoll,2003.0
1768,USA,North Carolina,2003.0
1769,USA,Florida,2003.0
1770,USA,South Carolina,2003.0
1771,USA,Florida,2003.0
1772,USA,Florida,2003.0
1773,USA,Hawaii,2003.0
1774,USA,Florida,2003.0
1775,USA,Florida,2003.0
1781,USA,Florida,2003.0
1782,USA,Florida,2003.0
1783,USA,Florida,2003.0
1784,USA,Florida,2003.0
1785,USA,Florida,2003.0
1786,USA,Florida,2003.0
1787,USA,Florida,2003.0
1788,USA,Florida,2003.0
1790,USA,Florida,2003.0
1791,USA,Florida,2003.0
1792,USA,Florida,2003.0
1794,AUSTRALIA,South Australia,2003.0
1795,USA,Florida,2003.0
1796,AUSTRALIA,New South Wales,2003.0
1797,AUSTRALIA,Queensland,2003.0
1800,AUSTRALIA,Western Australia,2003.0
1801,AUSTRALIA,Queensland,2002.0
1803,AUSTRALIA,Queensland,2002.0
1804,AUSTRALIA,Queensland,2002.0
1805,AUSTRALIA,Queensland,2002.0
1808,USA,California,2002.0
1809,USA,Hawaii,2002.0
1811,USA,Florida,2002.0
1812,USA,Florida,2002.0
1814,USA,Hawaii,2002.0
1816,USA,Florida,2002.0
1817,USA,Florida,2002.0
1818,USA,Florida,2002.0
1819,USA,Florida,2002.0
1820,USA,Florida,2002.0
1821,USA,Florida,2002.0
1822,USA,Hawaii,2002.0
1823,USA,Florida,2002.0
1825,USA,Oregon,2002.0
1826,USA,California,2002.0
1828,USA,Hawaii,2002.0
1830,USA,Florida,2002.0
1831,USA,Florida,2002.0
1832,USA,Hawaii,2002.0
1833,USA,Alabama,2002.0
1834,USA,Florida,2002.0
1835,USA,Florida,2002.0
1836,USA,Florida,2002.0
1838,USA,North Carolina,2002.0
1839,USA,South Carolina,2002.0
1840,USA,North Carolina,2002.0
1841,USA,Florida,2002.0
1842,USA,Maryland,2002.0
1844,USA,North Carolina,2002.0
1845,AUSTRALIA,Queensland,2002.0
1846,USA,Florida,2002.0
1850,USA,Hawaii,2002.0
1851,USA,Florida,2002.0
1852,USA,Florida,2002.0
1853,USA,Florida,2002.0
1855,USA,California,2002.0
1856,USA,Florida,2002.0
1857,USA,Florida,2002.0
1858,USA,Florida,2002.0
1861,USA,Florida,2002.0
1863,AUSTRALIA,Northern Territory,2002.0
1864,AUSTRALIA,South Australia,2002.0
1865,AUSTRALIA,New South Wales,2002.0
1866,USA,Florida,2002.0
1867,USA,Florida,2002.0
1868,AUSTRALIA,New South Wales,2002.0
1870,USA,Florida,2002.0
1871,USA,Florida,2002.0
1872,USA,Hawaii,2002.0
1873,USA,Florida,2002.0
1875,USA,Florida,2002.0
1876,USA,Florida,2002.0
1877,USA,Florida,2002.0
1880,AUSTRALIA,Queensland,2002.0
1882,AUSTRALIA,New South Wales,2002.0
1883,AUSTRALIA,New South Wales,2002.0
1884,AUSTRALIA,Western Australia,2002.0
1888,USA,Hawaii,2002.0
1889,AUSTRALIA,Western Australia,2001.0
1890,AUSTRALIA,New South Wales,2001.0
1891,USA,Hawaii,2001.0
1892,AUSTRALIA,Western Australia,2001.0
1894,AUSTRALIA,Queensland,2001.0
1896,AUSTRALIA,Queensland,2001.0
1897,USA,Florida,2001.0
1898,USA,Florida,2001.0
1899,USA,Florida,2001.0
1900,USA,Florida,2001.0
1901,USA,North Carolina,2001.0
1903,USA,Florida,2001.0
1904,USA,Florida,2001.0
1905,USA,South Carolina,2001.0
1906,USA,North Carolina,2001.0
1907,USA,North Carolina,2001.0
1908,USA,Florida,2001.0
1909,USA,Virginia,2001.0
1911,USA,Florida,2001.0
1912,USA,Florida,2001.0
1913,USA,Florida,2001.0
1914,USA,Florida,2001.0
1915,USA,Florida,2001.0
1916,USA,Florida,2001.0
1917,USA,Florida,2001.0
1918,USA,Florida,2001.0
1919,USA,Florida,2001.0
1920,USA,Florida,2001.0
1921,USA,Florida,2001.0
1922,USA,Florida,2001.0
1925,USA,South Carolina,2001.0
1928,USA,South Carolina,2001.0
1929,USA,Florida,2001.0
1930,USA,Florida,2001.0
1931,USA,Massachusetts,2001.0
1932,USA,Florida,2001.0
1933,USA,Florida,2001.0
1935,USA,Florida,2001.0
1936,USA,South Carolina,2001.0
1937,USA,Georgia,2001.0
1938,USA,Texas,2001.0
1939,USA,California,2001.0
1940,AUSTRALIA,New South Wales,2001.0
1941,USA,South Carolina,2001.0
1942,USA,Texas,2001.0
1943,USA,South Carolina,2001.0
1944,USA,South Carolina,2001.0
1948,AUSTRALIA,New South Wales,2001.0
1949,USA,Florida,2001.0
1951,USA,Florida,2001.0
1952,USA,Florida,2001.0
1953,USA,Florida,2001.0
1954,USA,Florida,2001.0
1955,USA,Florida,2001.0
1956,USA,Florida,2001.0
1957,USA,Florida,2001.0
1958,USA,Florida,2001.0
1959,USA,Florida,2001.0
1960,USA,Florida,2001.0
1961,USA,Hawaii,2001.0
1962,USA,Florida,2001.0
1964,AUSTRALIA,New South Wales,2001.0
1965,USA,Florida,2001.0
1967,AUSTRALIA,New South Wales,2001.0
1968,USA,Hawaii,2001.0
1969,USA,Florida,2001.0
1973,AUSTRALIA,Western Australia,2001.0
1975,AUSTRALIA,New South Wales,2001.0
1976,AUSTRALIA,New South Wales,2001.0
1978,AUSTRALIA,South Australia,2001.0
1979,USA,California,2001.0
1981,AUSTRALIA,Queensland,2000.0
1983,AUSTRALIA,South Australia,2000.0
1985,AUSTRALIA,Queensland,2000.0
1987,AUSTRALIA,Queensland,2000.0
1988,AUSTRALIA,South Australia,2000.0
1989,USA,Florida,2000.0
1990,USA,Florida,2000.0
1991,AUSTRALIA,Western Australia,2000.0
1992,AUSTRALIA,Western Australia,2000.0
1993,USA,California,2000.0
1994,AUSTRALIA,Queensland,2000.0
1995,USA,Florida,2000.0
1996,USA,Hawaii,2000.0
1997,USA,Florida,2000.0
1998,USA,Florida,2000.0
1999,USA,Florida,2000.0
2000,USA,Florida,2000.0
2001,USA,North Carolina,2000.0
2002,USA,California,2000.0
2003,AUSTRALIA,South Australia,2000.0
2004,AUSTRALIA,South Australia,2000.0
2005,AUSTRALIA,New South Wales,2000.0
2007,USA,South Carolina,2000.0
2008,USA,Florida,2000.0
2009,USA,Florida,2000.0
2010,USA,Florida,2000.0
2011,USA,Florida,2000.0
2014,USA,Florida,2000.0
2017,USA,Florida,2000.0
2018,USA,Florida,2000.0
2019,USA,Alaska,2000.0
2020,USA,North Carolina,2000.0
2021,USA,Hawaii,2000.0
2022,USA,Florida,2000.0
2023,USA,Florida,2000.0
2024,USA,North Carolina,2000.0
2025,USA,Florida,2000.0
2027,USA,Florida,2000.0
2028,USA,Florida,2000.0
2029,USA,North Carolina,2000.0
2030,USA,North Carolina,2000.0
2035,USA,Florida,2000.0
2036,USA,Florida,2000.0
2037,USA,Texas,2000.0
2038,USA,North Carolina,2000.0
2039,USA,Florida,2000.0
2040,USA,Florida,2000.0
2041,USA,Florida,2000.0
2042,USA,Florida,2000.0
2046,USA,Florida,2000.0
2047,USA,Florida,2000.0
2048,USA,Texas,2000.0
2049,USA,Alabama,2000.0
2050,USA,Alabama,2000.0
2051,USA,Florida,2000.0
2054,AUSTRALIA,Victoria,2000.0
2057,USA,Florida,2000.0
2058,USA,Florida,2000.0
2059,USA,Florida,2000.0
2060,AUSTRALIA,Queensland,2000.0
2061,USA,Florida,2000.0
2062,USA,Florida,2000.0
2064,AUSTRALIA,New South Wales,2000.0
2065,AUSTRALIA,New South Wales,2000.0
2066,AUSTRALIA,New South Wales,2000.0
2068,AUSTRALIA,New South Wales,2000.0
2069,USA,Louisiana,2000.0
2070,USA,Florida,2000.0
2074,AUSTRALIA,South Australia,2000.0
2077,USA,Florida,2000.0
2082,USA,California,1999.0
2084,USA,Florida,1999.0
2085,USA,Florida,1999.0
2086,USA,Hawaii,1999.0
2087,USA,California,1999.0
2092,USA,Florida,1999.0
2093,USA,Florida,1999.0
2094,USA,Florida,1999.0
2095,USA,Hawaii,1999.0
2096,USA,Florida,1999.0
2098,USA,California,1999.0
2099,USA,Florida,1999.0
2100,USA,South Carolina,1999.0
2101,USA,Florida,1999.0
2102,USA,Florida,1999.0
2103,USA,Florida,1999.0
2104,USA,Florida,1999.0
2105,USA,North Carolina,1999.0
2107,USA,Florida,1999.0
2108,USA,South Carolina,1999.0
2109,USA,Florida,1999.0
2112,USA,Florida,1999.0
2113,USA,Hawaii,1999.0
2115,USA,South Carolina,1999.0
2116,USA,Florida,1999.0
2118,USA,Florida,1999.0
2119,USA,Florida,1999.0
2120,USA,Florida,1999.0
2121,USA,Florida,1999.0
2122,AUSTRALIA,South Australia,1999.0
2126,USA,Florida,1999.0
2129,USA,Hawaii,1999.0
2132,USA,Hawaii,1999.0
2133,USA,Hawaii,1999.0
2134,USA,North Carolina,1999.0
2135,AUSTRALIA,New South Wales,1999.0
2136,USA,Florida,1999.0
2140,AUSTRALIA,Northern Territory,1999.0
2143,USA,Virginia,1999.0
2144,USA,Florida,1998.0
2145,AUSTRALIA,South Australia,1998.0
2148,AUSTRALIA,South Australia,1998.0
2149,USA,Florida,1998.0
2150,USA,Florida,1998.0
2151,USA,Florida,1998.0
2152,USA,Oregon,1998.0
2155,USA,Florida,1998.0
2157,USA,Florida,1998.0
2160,USA,Florida,1998.0
2161,USA,Florida,1998.0
2162,USA,Florida,1998.0
2164,USA,Florida,1998.0
2166,USA,Florida,1998.0
2168,USA,California,1998.0
2169,USA,Virginia,1998.0
2171,USA,Florida,1998.0
2176,USA,Florida,1998.0
2180,AUSTRALIA,South Australia,1998.0
2182,USA,Florida,1998.0
2187,USA,Florida,1998.0
2188,USA,Florida,1998.0
2189,USA,Florida,1998.0
2192,USA,Oregon,1998.0
2193,USA,Florida,1998.0
2196,USA,Florida,1998.0
2198,USA,Florida,1998.0
2199,USA,Florida,1998.0
2200,AUSTRALIA,New South Wales,1998.0
2204,AUSTRALIA,South Australia,1998.0
2208,USA,Virginia,1998.0
2211,USA,Florida,1997.0
2212,USA,Florida,1997.0
2213,AUSTRALIA,Western Australia,1997.0
2214,USA,Florida,1997.0
2215,AUSTRALIA,New South Wales,1997.0
2216,AUSTRALIA,Western Australia,1997.0
2217,USA,Hawaii,1997.0
2218,USA,Florida,1997.0
2219,USA,Florida,1997.0
2221,USA,Florida,1997.0
2223,USA,Florida,1997.0
2224,USA,Florida,1997.0
2225,USA,Florida,1997.0
2226,USA,Florida,1997.0
2227,USA,Florida,1997.0
2228,USA,California,1997.0
2231,USA,Florida,1997.0
2234,USA,Florida,1997.0
2235,USA,Florida,1997.0
2236,USA,Texas,1997.0
2237,USA,Florida,1997.0
2238,USA,Florida,1997.0
2239,USA,Florida,1997.0
2240,AUSTRALIA,Queensland,1997.0
2243,USA,South Carolina,1997.0
2246,USA,Hawaii,1997.0
2248,USA,Florida,1997.0
2250,USA,Florida,1997.0
2251,USA,Florida,1997.0
2252,USA,Florida,1997.0
2253,USA,Florida,1997.0
2257,AUSTRALIA,Queensland,1997.0
2258,AUSTRALIA,Queensland,1997.0
2259,USA,Hawaii,1997.0
2261,AUSTRALIA,New South Wales,1997.0
2262,AUSTRALIA,Queensland,1997.0
2263,AUSTRALIA,Western Australia,1997.0
2265,AUSTRALIA,Victoria,1997.0
2266,AUSTRALIA,Queensland,1996.0
2270,USA,California,1996.0
2271,USA,Florida,1996.0
2275,USA,California,1996.0
2276,USA,Florida,1996.0
2277,USA,California,1996.0
2279,USA,Florida,1996.0
2281,USA,Florida,1996.0
2282,USA,Florida,1996.0
2283,USA,Florida,1996.0
2284,USA,South Carolina,1996.0
2286,USA,Hawaii,1996.0
2287,USA,California,1996.0
2288,USA,Florida,1996.0
2289,USA,Florida,1996.0
2292,USA,Massachusetts,1996.0
2293,USA,Florida,1996.0
2294,USA,Hawaii,1996.0
2295,USA,Florida,1996.0
2296,USA,Florida,1996.0
2298,USA,South Carolina,1996.0
2299,AUSTRALIA,Victoria,1996.0
2302,AUSTRALIA,New South Wales,1996.0
2303,USA,Florida,1996.0
2305,USA,Florida,1996.0
2306,USA,Hawaii,1996.0
2307,AUSTRALIA,New South Wales,1996.0
2308,AUSTRALIA,New South Wales,1996.0
2310,AUSTRALIA,Queensland,1996.0
2311,AUSTRALIA,New South Wales,1996.0
2312,AUSTRALIA,New South Wales,1996.0
2313,USA,Missouri,1996.0
2318,AUSTRALIA,New South Wales,1996.0
2319,USA,Florida,1996.0
2320,AUSTRALIA,Queensland,1996.0
2321,USA,Hawaii,1996.0
2322,AUSTRALIA,Western Australia,1996.0
2323,AUSTRALIA,New South Wales,1996.0
2326,USA,North Carolina,1996.0
2327,USA,Hawaii,1995.0
2329,USA,Hawaii,1995.0
2331,AUSTRALIA,Queensland,1995.0
2332,USA,Florida,1995.0
2333,USA,Florida,1995.0
2334,AUSTRALIA,Queensland,1995.0
2335,USA,Florida,1995.0
2336,USA,Florida,1995.0
2337,USA,Florida,1995.0
2338,USA,California,1995.0
2339,USA,Florida,1995.0
2340,USA,Florida,1995.0
2342,USA,Florida,1995.0
2343,AUSTRALIA,Western Australia,1995.0
2344,USA,California,1995.0
2345,USA,North Carolina,1995.0
2346,USA,Florida,1995.0
2347,USA,South Carolina,1995.0
2349,USA,Florida,1995.0
2350,USA,Florida,1995.0
2351,USA,North Carolina,1995.0
2352,USA,North Carolina,1995.0
2353,USA,Florida,1995.0
2354,USA,North Carolina,1995.0
2356,USA,Florida,1995.0
2357,USA,North Carolina,1995.0
2358,USA,Florida,1995.0
2359,USA,South Carolina,1995.0
2360,USA,Florida,1995.0
2362,USA,California,1995.0
2363,USA,Florida,1995.0
2364,USA,Florida,1995.0
2365,USA,Florida,1995.0
2366,USA,Florida,1995.0
2367,USA,South Carolina,1995.0
2368,USA,South Carolina,1995.0
2369,USA,Florida,1995.0
2371,USA,Texas,1995.0
2372,USA,Mississippi,1995.0
2373,USA,South Carolina,1995.0
2374,USA,California,1995.0
2375,USA,California,1995.0
2376,USA,Georgia,1995.0
2377,USA,South Carolina,1995.0
2378,USA,Florida,1995.0
2379,USA,Florida,1995.0
2380,USA,Hawaii,1995.0
2384,USA,Florida,1995.0
2386,AUSTRALIA,Western Australia,1995.0
2388,USA,Florida,1995.0
2389,USA,Florida,1995.0
2390,AUSTRALIA,New South Wales,1995.0
2392,AUSTRALIA,New South Wales,1995.0
2393,AUSTRALIA,South Australia,1995.0
2400,AUSTRALIA,Queensland,1995.0
2401,USA,North Carolina,1995.0
2402,USA,South Carolina,1995.0
2404,USA,Hawaii,1994.0
2408,AUSTRALIA,Queensland,1994.0
2409,USA,California,1994.0
2412,USA,Hawaii,1994.0
2413,USA,Hawaii,1994.0
2416,USA,Florida,1994.0
2417,USA,Florida,1994.0
2418,USA,South Carolina,1994.0
2419,USA,Oregon,1994.0
2420,USA,Florida,1994.0
2421,USA,Hawaii,1994.0
2429,USA,Florida,1994.0
2431,USA,Florida,1994.0
2432,USA,Florida,1994.0
2433,USA,Florida,1994.0
2434,USA,Florida,1994.0
2435,USA,Florida,1994.0
2436,USA,Florida,1994.0
2437,USA,California,1994.0
2440,USA,Florida,1994.0
2444,USA,California,1994.0
2447,USA,Florida,1994.0
2448,USA,Hawaii,1994.0
2452,USA,Hawaii,1994.0
2454,AUSTRALIA,Western Australia,1994.0
2455,AUSTRALIA,Queensland,1994.0
2458,USA,Florida,1994.0
2459,USA,Hawaii,1993.0
2460,USA,Florida,1993.0
2461,AUSTRALIA,Western Australia,1993.0
2462,USA,Hawaii,1993.0
2464,USA,California,1993.0
2465,USA,Florida,1993.0
2466,USA,California,1993.0
2467,USA,Hawaii,1993.0
2472,USA,Florida,1993.0
2473,USA,Florida,1993.0
2476,USA,Florida,1993.0
2477,USA,Hawaii,1993.0
2478,USA,California,1993.0
2479,USA,North Carolina,1993.0
2480,AUSTRALIA,Western Australia,1993.0
2481,USA,California,1993.0
2485,USA,Florida,1993.0
2490,USA,Hawaii,1993.0
2491,AUSTRALIA,New South Wales,1993.0
2492,AUSTRALIA,Tasmania,1993.0
2494,USA,North Carolina,1993.0
2497,AUSTRALIA,Tasmania,1993.0
2499,USA,Florida,1993.0
2501,USA,Hawaii,1993.0
2502,USA,California,1993.0
2506,AUSTRALIA,Queensland,1993.0
2508,AUSTRALIA,Queensland,1993.0
2510,USA,Oregon,1993.0
2514,USA,Florida,1993.0
2515,USA,Hawaii,1992.0
2516,USA,Hawaii,1992.0
2517,USA,California,1992.0
2518,USA,Florida,1992.0
2519,USA,Florida,1992.0
2520,USA,California,1992.0
2522,USA,California,1992.0
2523,USA,Florida,1992.0
2524,USA,Hawaii,1992.0
2525,USA,California,1992.0
2526,USA,Hawaii,1992.0
2527,AUSTRALIA,New South Wales,1992.0
2529,AUSTRALIA,Queensland,1992.0
2531,USA,Oregon,1992.0
2532,USA,Florida,1992.0
2534,USA,Florida,1992.0
2536,AUSTRALIA,South Australia,1992.0
2537,USA,Hawaii,1992.0
2538,USA,California,1992.0
2539,USA,Florida,1992.0
2540,USA,Florida,1992.0
2541,USA,Hawaii,1992.0
2542,USA,Florida,1992.0
2550,USA,North Carolina ,1992.0
2555,USA,Hawaii,1992.0
2556,AUSTRALIA,Victoria,1992.0
2559,USA,Oregon,1992.0
2560,USA,Hawaii,1992.0
2562,AUSTRALIA,Tasmania,1992.0
2564,AUSTRALIA,New South Wales,1992.0
2571,USA,California,1991.0
2572,USA,Hawaii,1991.0
2573,USA,Hawaii,1991.0
2574,USA,Hawaii,1991.0
2575,USA,Florida,1991.0
2576,AUSTRALIA,Western Australia,1991.0
2577,USA,Florida,1991.0
2578,USA,California,1991.0
2580,AUSTRALIA,South Australia,1991.0
2581,AUSTRALIA,Queensland,1991.0
2582,USA,South Carolina,1991.0
2583,USA,Florida,1991.0
2584,USA,Florida,1991.0
2586,USA,Florida,1991.0
2587,USA,Florida,1991.0
2588,USA,Florida,1991.0
2590,USA,California,1991.0
2591,USA,Virginia,1991.0
2594,USA,Florida,1991.0
2595,USA,Florida,1991.0
2597,USA,Hawaii,1991.0
2600,USA,Maryland,1991.0
2601,USA,Florida,1991.0
2602,USA,Hawaii,1991.0
2603,AUSTRALIA,New South Wales,1991.0
2604,USA,Oregon,1991.0
2606,AUSTRALIA,Queensland,1991.0
2607,AUSTRALIA,Western Australia,1991.0
2608,AUSTRALIA,Queensland,1991.0
2610,AUSTRALIA,Queensland,1990.0
2611,USA,California,1990.0
2612,USA,Florida,1990.0
2613,USA,Florida,1990.0
2614,USA,Florida,1990.0
2615,AUSTRALIA,Queensland,1990.0
2616,AUSTRALIA,South Australia,1990.0
2617,USA,Florida,1990.0
2618,USA,Hawaii,1990.0
2619,USA,Florida,1990.0
2621,USA,California,1990.0
2622,USA,California,1990.0
2623,USA,Florida,1990.0
2624,USA,California,1990.0
2625,USA,Texas,1990.0
2626,USA,Texas,1990.0
2627,USA,Texas,1990.0
2628,USA,Florida,1990.0
2632,AUSTRALIA,Queensland,1990.0
2633,AUSTRALIA,Queensland,1990.0
2636,AUSTRALIA,Queensland,1990.0
2637,AUSTRALIA,Queensland,1990.0
2638,AUSTRALIA,Queensland,1990.0
2639,AUSTRALIA,Queensland,1990.0
2640,USA,Hawaii,1990.0
2643,USA,Hawaii,1990.0
2644,USA,Florida,1990.0
2645,USA,California,1990.0
2646,USA,Florida,1990.0
2647,USA,Hawaii,1989.0
2648,AUSTRALIA,Northern Territory,1989.0
2649,AUSTRALIA,Queensland,1989.0
2650,AUSTRALIA,Victoria,1989.0
2652,USA,Hawaii,1989.0
2653,AUSTRALIA,Queensland,1989.0
2654,AUSTRALIA,Northern Territory,1989.0
2655,AUSTRALIA,Tasmania,1989.0
2656,USA,Hawaii,1989.0
2657,USA,Texas,1989.0
2658,USA,North Carolina,1989.0
2659,AUSTRALIA,Victoria,1989.0
2661,USA,Florida,1989.0
2662,USA,California,1989.0
2663,USA,California,1989.0
2664,USA,North Carolina,1989.0
2665,USA,California,1989.0
2666,AUSTRALIA,Queensland,1989.0
2667,USA,Florida,1989.0
2669,AUSTRALIA,New South Wales,1989.0
2671,AUSTRALIA,Queensland,1989.0
2674,USA,Florida,1989.0
2675,USA,Texas,1989.0
2676,USA,Hawaii,1989.0
2677,USA,Louisiana,1989.0
2682,USA,Florida,1989.0
2683,USA,Washington,1989.0
2684,USA,California,1989.0
2685,USA,Hawaii,1989.0
2686,USA,Hawaii,1989.0
2687,AUSTRALIA,South Australia,1989.0
2688,AUSTRALIA,Western Australia,1989.0
2692,USA,California,1989.0
2693,USA,California,1989.0
2694,USA,Hawaii,1989.0
2696,USA,Hawaii,1989.0
2697,AUSTRALIA,New South Wales,1989.0
2699,USA,Virginia,1989.0
2701,AUSTRALIA,Queensland,1988.0
2702,AUSTRALIA,Queensland,1988.0
2704,USA,Oregon,1988.0
2705,AUSTRALIA,Victoria,1988.0
2706,USA,Florida,1988.0
2707,USA,Florida,1988.0
2708,USA,Florida,1988.0
2709,AUSTRALIA,South Australia,1988.0
2710,USA,Florida,1988.0
2711,USA,Florida,1988.0
2712,USA,Florida,1988.0
2713,USA,Florida,1988.0
2714,USA,Louisiana,1988.0
2717,USA,California,1988.0
2721,USA,Florida,1988.0
2722,USA,Florida,1988.0
2726,USA,North Carolina,1988.0
2727,USA,South Carolina,1988.0
2728,USA,Florida,1988.0
2729,USA,Florida,1988.0
2731,USA,Florida,1988.0
2732,USA,Florida,1988.0
2734,USA,California,1988.0
2735,USA,Florida,1988.0
2736,USA,Hawaii,1988.0
2737,USA,Florida,1988.0
2738,USA,Florida,1988.0
2740,USA,Florida,1988.0
2741,USA,Hawaii,1988.0
2747,AUSTRALIA,Western Australia,1988.0
2750,AUSTRALIA,Torres Strait,1988.0
2751,USA,Louisiana,1988.0
2754,AUSTRALIA,New South Wales,1988.0
2756,USA,Florida,1987.0
2757,AUSTRALIA,New South Wales,1987.0
2758,USA,Florida,1987.0
2760,USA,California,1987.0
2764,AUSTRALIA,South Australia,1987.0
2766,USA,Florida,1987.0
2767,USA,California,1987.0
2768,USA,Florida,1987.0
2769,USA,Texas,1987.0
2770,USA,Texas,1987.0
2771,USA,South Carolina,1987.0
2774,USA,Florida,1987.0
2775,USA,South Carolina,1987.0
2776,USA,Florida,1987.0
2777,AUSTRALIA,New South Wales,1987.0
2779,USA,Texas,1987.0
2780,USA,Hawaii,1987.0
2782,AUSTRALIA,Western Australia,1987.0
2784,USA,Florida,1987.0
2787,AUSTRALIA,Queensland,1987.0
2792,USA,Florida,1986.0
2794,USA,California,1986.0
2797,USA,Florida,1986.0
2798,USA,Florida,1986.0
2799,USA,Florida,1986.0
2801,USA,Florida,1986.0
2803,AUSTRALIA,Western Australia,1986.0
2804,USA,Florida,1986.0
2805,USA,Florida,1986.0
2806,USA,Florida,1986.0
2807,USA,Florida,1986.0
2808,USA,North Carolina,1986.0
2810,AUSTRALIA,New South Wales,1986.0
2812,AUSTRALIA,Western Australia,1986.0
2813,USA,South Carolina,1986.0
2815,AUSTRALIA,New South Wales,1986.0
2817,USA,Hawaii,1986.0
2826,AUSTRALIA,Victoria,1986.0
2827,USA,Florida,1986.0
2828,USA,California,1986.0
2830,USA,North Carolina,1985.0
2831,AUSTRALIA,Queensland,1985.0
2832,USA,California,1985.0
2833,USA,California,1985.0
2835,USA,California,1985.0
2836,USA,Hawaii,1985.0
2837,USA,Hawaii,1985.0
2838,USA,Alabama,1985.0
2839,USA,California,1985.0
2841,USA,Florida,1985.0
2842,USA,Florida,1985.0
2843,USA,South Carolina,1985.0
2844,USA,Florida,1985.0
2845,USA,Florida,1985.0
2846,USA,Florida,1985.0
2847,USA,Florida,1985.0
2848,USA,California,1985.0
2849,USA,South Carolina,1985.0
2851,USA,California,1985.0
2853,USA,Florida,1985.0
2854,AUSTRALIA,South Australia,1985.0
2855,USA,California,1985.0
2856,USA,Florida,1985.0
2868,AUSTRALIA,Queensland,1984.0
2869,USA,Florida,1984.0
2870,USA,Florida,1984.0
2871,USA,Florida,1984.0
2872,USA,Florida,1984.0
2873,USA,Florida,1984.0
2874,USA,Florida,1984.0
2875,USA,Oregon,1984.0
2876,USA,California,1984.0
2877,USA,Florida,1984.0
2878,USA,Florida,1984.0
2879,USA,Florida,1984.0
2880,USA,Florida,1984.0
2881,USA,California,1984.0
2882,USA,California,1984.0
2884,USA,Florida,1984.0
2886,USA,Texas,1984.0
2887,USA,Texas,1984.0
2889,USA,Florida,1984.0
2892,USA,Hawaii,1984.0
2898,AUSTRALIA,Western Australia,1984.0
2902,AUSTRALIA,Queensland,1984.0
2905,USA,California,1984.0
2906,USA,Florida,1984.0
2908,USA,Florida,1983.0
2909,AUSTRALIA,South Australia,1983.0
2914,USA,Florida,1983.0
2916,USA,Florida,1983.0
2917,USA,Florida,1983.0
2918,USA,Florida,1983.0
2919,USA,Oregon,1983.0
2921,USA,Virginia,1983.0
2922,USA,Florida,1983.0
2923,USA,Florida,1983.0
2924,USA,Rhode Island,1983.0
2925,AUSTRALIA,Queensland,1983.0
2926,AUSTRALIA,Queensland,1983.0
2927,AUSTRALIA,Queensland,1983.0
2929,USA,Florida,1983.0
2931,USA,Florida,1983.0
2932,USA,Florida,1983.0
2934,USA,Florida,1983.0
2938,USA,Florida,1983.0
2939,USA,Florida,1983.0
2940,USA,Florida,1983.0
2941,USA,Florida,1983.0
2943,USA,Florida,1983.0
2947,USA,Florida,1983.0
2950,USA,South Carolina,1983.0
2956,USA,North & South Carolina,1983.0
2957,USA,South Carolina,1982.0
2958,USA,Florida,1982.0
2961,USA,Florida,1982.0
2962,USA,California,1982.0
2963,USA,California,1982.0
2964,USA,Florida,1982.0
2966,USA,California,1982.0
2971,USA,California,1982.0
2972,USA,Florida,1982.0
2973,USA,California,1982.0
2974,USA,Florida,1982.0
2977,USA,South Carolina,1982.0
2979,USA,Florida,1982.0
2980,USA,Hawaii,1982.0
2981,USA,South Carolina,1982.0
2982,USA,Florida,1982.0
2983,AUSTRALIA,New South Wales,1982.0
2985,AUSTRALIA,Tasmania,1982.0
2986,USA,Florida,1982.0
2988,USA,Hawaii,1982.0
2989,USA,Hawaii,1982.0
2990,USA,Florida,1982.0
2991,USA,California,1982.0
2992,USA,Florida,1982.0
2997,USA,California,1981.0
2998,AUSTRALIA,Queensland,1981.0
2999,USA,Hawaii,1981.0
3002,USA,Hawaii,1981.0
3003,USA,Florida,1981.0
3004,USA,Florida,1981.0
3005,USA,Florida,1981.0
3006,USA,Florida,1981.0
3007,USA,Florida,1981.0
3008,USA,Florida,1981.0
3009,USA,Florida,1981.0
3010,USA,Florida,1981.0
3011,USA,Florida,1981.0
3012,USA,Florida,1981.0
3013,USA,Florida,1981.0
3014,USA,Hawaii,1981.0
3015,USA,Florida,1981.0
3016,USA,Florida,1981.0
3018,USA,Florida,1981.0
3020,USA,Florida,1981.0
3023,USA,Hawaii,1981.0
3024,USA,Hawaii,1981.0
3027,USA,Florida,1981.0
3028,USA,Florida,1981.0
3033,USA,Florida,1981.0
3034,USA,Florida,1981.0
3038,AUSTRALIA,Western Australia,1981.0
3039,AUSTRALIA,Western Australia,1981.0
3040,USA,Florida,1981.0
3042,USA,Florida,1981.0
3044,AUSTRALIA,New South Wales,1981.0
3049,AUSTRALIA,Western Australia,1980.0
3052,USA,Oregon,1980.0
3053,USA,California,1980.0
3055,USA,North Carolina,1980.0
3056,USA,Hawaii,1980.0
3058,USA,New Jersey,1980.0
3059,USA,Delaware,1980.0
3060,USA,North Carolina,1980.0
3061,USA,Florida,1980.0
3062,USA,California,1980.0
3084,USA,Oregon,1979.0
3087,AUSTRALIA,New South Wales,1979.0
3090,USA,Florida,1979.0
3092,USA,Florida,1979.0
3093,USA,Florida,1979.0
3098,USA,Florida,1979.0
3099,USA,Florida,1979.0
3100,USA,Florida,1979.0
3101,USA,California,1979.0
3105,USA,Hawaii,1979.0
3106,AUSTRALIA,Queensland,1978.0
3108,USA,Hawaii,1978.0
3109,USA,Florida,1978.0
3113,AUSTRALIA,Tasmania,1978.0
3114,USA,California,1978.0
3115,USA,Florida,1978.0
3116,USA,South Carolina,1978.0
3117,USA,California,1978.0
3118,USA,Florida,1978.0
3119,USA,Florida,1978.0
3123,AUSTRALIA,Tasmania,1978.0
3129,USA,Florida,1978.0
3131,USA,Hawaii,1977.0
3132,USA,Florida,1977.0
3137,AUSTRALIA,South Australia,1977.0
3138,AUSTRALIA,Queensland,1977.0
3140,USA,California,1977.0
3141,USA,Florida,1977.0
3142,USA,California,1977.0
3143,USA,Florida,1977.0
3144,USA,Texas,1977.0
3146,AUSTRALIA,Queensland,1977.0
3147,AUSTRALIA,Queensland,1977.0
3148,USA,Hawaii,1977.0
3150,AUSTRALIA,Queensland,1977.0
3151,AUSTRALIA,Queensland,1977.0
3152,AUSTRALIA,Queensland,1977.0
3153,AUSTRALIA,New South Wales,1977.0
3154,AUSTRALIA,Victoria,1977.0
3157,AUSTRALIA,Queensland,1976.0
3158,USA,California,1976.0
3160,AUSTRALIA,Queensland,1976.0
3161,USA,Florida,1976.0
3165,USA,California,1976.0
3168,AUSTRALIA,South Australia,1976.0
3170,USA,Florida,1976.0
3171,USA,Florida,1976.0
3172,USA,Florida,1976.0
3173,USA,North Carolina,1976.0
3174,USA,Oregon,1976.0
3175,USA,Florida,1976.0
3176,USA,Louisiana,1976.0
3177,USA,Hawaii,1976.0
3178,USA,Florida,1976.0
3179,USA,Florida,1976.0
3180,USA,Hawaii,1976.0
3182,AUSTRALIA,Queensland,1976.0
3184,USA,Texas,1976.0
3185,USA,Florida,1976.0
3191,AUSTRALIA,Queensland,1976.0
3193,USA,Florida,1976.0
3195,USA,Hawaii,1976.0
3196,AUSTRALIA,South Australia,1975.0
3197,USA,California,1975.0
3198,AUSTRALIA,New South Wales,1975.0
3199,AUSTRALIA,New South Wales,1975.0
3201,AUSTRALIA,Queensland,1975.0
3202,USA,Florida,1975.0
3203,USA,New Jersey,1975.0
3204,AUSTRALIA,New South Wales,1975.0
3205,USA,California,1975.0
3208,USA,Florida,1975.0
3209,USA,California,1975.0
3211,USA,Oregon,1975.0
3212,AUSTRALIA,Tasmania,1975.0
3213,USA,Florida,1975.0
3214,AUSTRALIA,Queensland,1975.0
3215,USA,California,1975.0
3216,USA,California,1975.0
3217,USA,Florida,1975.0
3218,AUSTRALIA,Western Australia,1975.0
3219,USA,Florida,1975.0
3220,USA,South Carolina,1975.0
3221,USA,South Carolina,1975.0
3222,USA,Alabama,1975.0
3223,USA,Florida,1975.0
3224,USA,Florida,1975.0
3225,USA,Florida,1975.0
3226,USA,Florida,1975.0
3231,AUSTRALIA,Queensland,1975.0
3232,USA,Florida,1975.0
3233,AUSTRALIA,Queensland,1975.0
3238,AUSTRALIA,South Australia,1975.0
3239,AUSTRALIA,Victoria,1975.0
3240,AUSTRALIA,Queensland,1975.0
3242,AUSTRALIA,South Australia,1975.0
3245,AUSTRALIA,Western Australia,1974.0
3246,USA,Florida,1974.0
3247,USA,California,1974.0
3248,USA,California,1974.0
3250,USA,California,1974.0
3251,USA,California,1974.0
3252,AUSTRALIA,Queensland,1974.0
3253,USA,Oregon,1974.0
3259,USA,California,1974.0
3260,USA,California,1974.0
3261,USA,Georgia,1974.0
3262,USA,Florida ,1974.0
3263,USA,Florida,1974.0
3264,USA,California,1974.0
3268,USA,Florida,1974.0
3277,AUSTRALIA,South Australia,1974.0
3281,AUSTRALIA,Western Australia,1974.0
3286,USA,Hawaii,1973.0
3288,AUSTRALIA,Western Australia,1973.0
3289,USA,Florida,1973.0
3290,AUSTRALIA,Queensland,1973.0
3296,AUSTRALIA,Queensland,1973.0
3297,AUSTRALIA,Queensland,1973.0
3298,USA,Virginia,1973.0
3301,AUSTRALIA,Queensland,1973.0
3306,USA,Hawaii,1973.0
3314,AUSTRALIA,Queensland,1972.0
3315,AUSTRALIA,New South Wales,1972.0
3317,AUSTRALIA,Queensland,1972.0
3318,AUSTRALIA,New South Wales,1972.0
3319,USA,US Virgin Islands,1972.0
3320,USA,Florida,1972.0
3322,USA,California,1972.0
3324,USA,Florida,1972.0
3325,USA,Hawaii,1972.0
3326,AUSTRALIA,Tasmania,1972.0
3327,USA,California,1972.0
3328,AUSTRALIA,Queensland,1972.0
3329,AUSTRALIA,Queensland,1972.0
3330,USA,Florida,1972.0
3331,USA,California,1972.0
3334,AUSTRALIA,Queensland,1972.0
3337,USA,Hawaii,1972.0
3338,AUSTRALIA,Victoria,1972.0
3339,AUSTRALIA,Tasmania,1972.0
3345,AUSTRALIA,New South Wales,1971.0
3347,AUSTRALIA,Queensland,1971.0
3349,AUSTRALIA,New South Wales,1971.0
3350,USA,Florida,1971.0
3352,USA,California,1971.0
3353,USA,North Carolina,1971.0
3355,AUSTRALIA,South Australia,1971.0
3356,AUSTRALIA,New South Wales,1971.0
3357,USA,Florida,1971.0
3358,USA,California,1971.0
3368,AUSTRALIA,Tasmania,1971.0
3369,AUSTRALIA,South Australia,1971.0
3376,USA,Hawaii,1970.0
3378,USA,Hawaii,1970.0
3379,USA,Florida,1970.0
3382,USA,Florida,1970.0
3383,AUSTRALIA,New South Wales,1970.0
3384,USA,South Carolina,1970.0
3385,USA,Florida,1970.0
3388,USA,Florida,1970.0
3396,USA,Hawaii,1970.0
3397,USA,Florida,1970.0
3416,AUSTRALIA,Western Australia,1969.0
3417,USA,Hawaii,1969.0
3418,AUSTRALIA,New South Wales,1969.0
3419,USA,Hawaii,1969.0
3420,USA,California,1969.0
3421,USA,Florida,1969.0
3422,USA,Massachusetts,1969.0
3423,USA,Florida,1969.0
3424,USA,Florida,1969.0
3427,USA,Florida,1969.0
3428,USA,California,1969.0
3429,USA,Florida,1969.0
3431,USA,Florida,1969.0
3432,USA,Texas,1969.0
3433,USA,Florida,1969.0
3435,AUSTRALIA,Queensland,1969.0
3436,AUSTRALIA,New South Wales,1969.0
3437,USA,Florida,1969.0
3438,AUSTRALIA,New South Wales,1969.0
3439,USA,Hawaii,1969.0
3440,AUSTRALIA,Tasmania,1969.0
3441,AUSTRALIA,Queensland,1969.0
3442,AUSTRALIA,New South Wales,1969.0
3443,AUSTRALIA,Victoria,1969.0
3446,AUSTRALIA,New South Wales,1968.0
3448,AUSTRALIA,South Australia,1968.0
3453,AUSTRALIA,Western Australia,1968.0
3455,USA,Florida,1968.0
3457,USA,Florida,1968.0
3459,USA,Florida,1968.0
3460,USA,Florida,1968.0
3464,USA,California,1968.0
3465,USA,Florida,1968.0
3466,USA,South Carolina,1968.0
3470,USA,Florida,1968.0
3474,USA,Florida,1968.0
3475,USA,Florida,1968.0
3476,AUSTRALIA,New South Wales,1968.0
3478,AUSTRALIA,New South Wales,1968.0
3480,USA,Florida,1968.0
3481,USA,Florida,1968.0
3482,USA,Florida,1968.0
3483,AUSTRALIA,Western Australia,1968.0
3485,AUSTRALIA,South Australia,1968.0
3486,AUSTRALIA,New South Wales,1968.0
3490,USA,Florida,1968.0
3491,USA,Florida,1968.0
3495,AUSTRALIA,Victoria,1967.0
3496,USA,,1967.0
3497,AUSTRALIA,New South Wales,1967.0
3498,AUSTRALIA,Queensland,1967.0
3503,USA,Florida,1967.0
3505,USA,Hawaii,1967.0
3508,USA,Florida,1967.0
3511,USA,California,1967.0
3514,AUSTRALIA,Western Australia,1967.0
3517,AUSTRALIA,New South Wales,1967.0
3518,USA,Florida,1967.0
3521,USA,Florida,1967.0
3523,USA,South Carolina,1967.0
3524,USA,Florida,1967.0
3526,AUSTRALIA,South Australia,1967.0
3527,AUSTRALIA,,1967.0
3531,AUSTRALIA,Victoria,1967.0
3532,AUSTRALIA,New South Wales,1967.0
3539,AUSTRALIA,Victoria,1967.0
3540,AUSTRALIA,Tasmania,1966.0
3541,AUSTRALIA,New South Wales,1966.0
3542,AUSTRALIA,New South Wales,1966.0
3544,AUSTRALIA,New South Wales,1966.0
3549,AUSTRALIA,Queensland,1966.0
3550,USA,Hawaii,1966.0
3551,AUSTRALIA,Western Australia,1966.0
3552,AUSTRALIA,Western Australia,1966.0
3553,AUSTRALIA,Western Australia,1966.0
3554,USA,Florida,1966.0
3556,AUSTRALIA,Northern Territory,1966.0
3564,USA,Delaware,1966.0
3565,USA,Florida,1966.0
3566,USA,Texas,1966.0
3567,USA,South Carolina,1966.0
3568,USA,Texas,1966.0
3571,USA,Florida,1966.0
3573,USA,New Jersey,1966.0
3574,USA,Florida,1966.0
3575,USA,Texas,1966.0
3577,AUSTRALIA,New South Wales,1966.0
3578,AUSTRALIA,New South Wales,1966.0
3579,AUSTRALIA,,1966.0
3580,USA,Florida,1966.0
3582,USA,Puerto Rico,1966.0
3583,AUSTRALIA,New South Wales,1966.0
3584,AUSTRALIA,New South Wales,1966.0
3586,AUSTRALIA,New South Wales,1966.0
3589,USA,California,1966.0
3590,AUSTRALIA,New South Wales,1966.0
3593,AUSTRALIA,Western Australia,1966.0
3596,USA,Florida,1966.0
3597,USA,California,1966.0
3598,AUSTRALIA,Western Australia,1965.0
3600,AUSTRALIA,South Australia,1965.0
3601,AUSTRALIA,Queensland,1965.0
3604,AUSTRALIA,Queensland,1965.0
3614,USA,New Jersey,1965.0
3618,USA,Florida,1965.0
3619,USA,Florida,1965.0
3628,USA,Florida,1965.0
3629,USA,California,1965.0
3630,USA,Florida,1965.0
3632,USA,Florida,1965.0
3633,USA,Puerto Rico,1965.0
3634,USA,Florida,1965.0
3636,USA,Massachusetts,1965.0
3637,USA,California,1965.0
3640,AUSTRALIA,Victoria,1965.0
3642,USA,Texas,1965.0
3643,USA,California,1965.0
3644,USA,Florida,1965.0
3651,AUSTRALIA,New South Wales,1964.0
3654,AUSTRALIA,Victoria ,1964.0
3655,AUSTRALIA,Queensland,1964.0
3656,AUSTRALIA,New South Wales,1964.0
3657,USA,Puerto Rico,1964.0
3659,USA,Florida,1964.0
3660,AUSTRALIA,Western Australia,1964.0
3664,USA,Florida,1964.0
3666,USA,Florida,1964.0
3667,USA,Florida,1964.0
3668,USA,Florida,1964.0
3671,USA,Puerto Rico,1964.0
3673,USA,Connecticut,1964.0
3675,USA,Florida,1964.0
3679,USA,New York,1964.0
3680,USA,California,1964.0
3688,AUSTRALIA,South Australia,1964.0
3690,USA,Florida,1964.0
3700,AUSTRALIA,Queensland,1964.0
3702,USA,Florida,1964.0
3708,AUSTRALIA,Western Australia,1964.0
3709,USA,California,1964.0
3712,AUSTRALIA,Western Australia,1964.0
3717,AUSTRALIA,Queensland,1963.0
3721,AUSTRALIA,New South Wales,1963.0
3724,AUSTRALIA,South Australia,1963.0
3731,AUSTRALIA,Queensland,1963.0
3732,USA,Florida,1963.0
3735,USA,Florida,1963.0
3738,USA,Florida,1963.0
3740,AUSTRALIA,New South Wales,1963.0
3741,USA,Florida,1963.0
3744,USA,Florida,1963.0
3745,USA,Mississippi,1963.0
3750,USA,California,1963.0
3752,AUSTRALIA,New South Wales,1963.0
3753,USA,US Virgin Islands,1963.0
3755,AUSTRALIA,Western Australia,1963.0
3756,USA,Hawaii,1963.0
3757,USA,Hawaii,1963.0
3760,AUSTRALIA,New South Wales,1963.0
3763,USA,Florida,1963.0
3765,AUSTRALIA,New South Wales,1963.0
3766,AUSTRALIA,New South Wales,1963.0
3772,AUSTRALIA,South Australia,1963.0
3777,AUSTRALIA,South Australia,1962.0
3779,AUSTRALIA,New South Wales,1962.0
3780,AUSTRALIA,Queensland,1962.0
3781,USA,California,1962.0
3782,AUSTRALIA,New South Wales,1962.0
3787,AUSTRALIA,South Australia,1962.0
3788,USA,California,1962.0
3797,USA,California,1962.0
3798,USA,Florida,1962.0
3800,USA,Texas,1962.0
3801,USA,New Jersey,1962.0
3805,USA,South Carolina,1962.0
3807,USA,California,1962.0
3808,USA,Georgia,1962.0
3809,USA,Georgia,1962.0
3811,USA,Florida,1962.0
3813,USA,Florida,1962.0
3814,USA,California,1962.0
3815,USA,California,1962.0
3816,USA,California,1962.0
3818,USA,South Carolina,1962.0
3819,AUSTRALIA,Western Australia,1962.0
3820,USA,California,1962.0
3821,USA,Florida,1962.0
3822,USA,Florida,1962.0
3823,USA,California,1962.0
3825,AUSTRALIA,Queensland,1962.0
3830,AUSTRALIA,New South Wales,1962.0
3834,AUSTRALIA,Queensland,1962.0
3837,AUSTRALIA,Queensland,1962.0
3842,AUSTRALIA,New South Wales,1962.0
3846,USA,California,1962.0
3847,AUSTRALIA,New South Wales,1962.0
3848,AUSTRALIA,New South Wales,1962.0
3849,AUSTRALIA,South Australia,1962.0
3852,AUSTRALIA,South Australia,1962.0
3853,AUSTRALIA,New South Wales,1962.0
3854,AUSTRALIA,Queensland,1962.0
3855,AUSTRALIA,New South Wales,1962.0
3857,AUSTRALIA,New South Wales,1962.0
3861,AUSTRALIA,South Australia,1962.0
3862,AUSTRALIA,Queensland,1961.0
3863,AUSTRALIA,Queensland,1961.0
3865,AUSTRALIA,Western Australia,1961.0
3866,AUSTRALIA,South Australia,1961.0
3868,AUSTRALIA,Queensland,1961.0
3869,AUSTRALIA,Torres Strait,1961.0
3872,USA,Florida,1961.0
3874,USA,Florida,1961.0
3875,USA,Florida,1961.0
3881,AUSTRALIA,Western Australia,1961.0
3882,USA,California,1961.0
3883,USA,South Carolina,1961.0
3885,USA,Hawaii,1961.0
3887,USA,New York,1961.0
3888,AUSTRALIA,Queensland,1961.0
3891,USA,Florida,1961.0
3892,USA,Florida,1961.0
3893,USA,Florida,1961.0
3896,USA,California,1961.0
3898,USA,Florida,1961.0
3899,AUSTRALIA,Western Australia,1961.0
3900,USA,Florida,1961.0
3901,AUSTRALIA,New South Wales,1961.0
3904,USA,Florida,1961.0
3905,AUSTRALIA,New South Wales,1961.0
3906,AUSTRALIA,New South Wales,1961.0
3909,AUSTRALIA,Victoria,1961.0
3910,AUSTRALIA,Western Australia,1961.0
3911,AUSTRALIA,South Australia,1961.0
3912,AUSTRALIA,Victoria,1961.0
3913,AUSTRALIA,Western Australia,1961.0
3914,AUSTRALIA,South Australia,1961.0
3918,USA,Pennsylvania,1961.0
3919,AUSTRALIA,Victoria,1961.0
3923,AUSTRALIA,Western Australia,1961.0
3924,USA,California,1961.0
3927,AUSTRALIA,New South Wales,1961.0
3930,AUSTRALIA,Northern Territory,1961.0
3934,AUSTRALIA,Tasmania,1961.0
3935,AUSTRALIA,New South Wales,1961.0
3939,USA,Hawaii,1961.0
3940,USA,Hawaii,1960.0
3941,AUSTRALIA,New South Wales,1960.0
3943,AUSTRALIA,Queensland,1960.0
3944,AUSTRALIA,Queensland,1960.0
3945,AUSTRALIA,Queensland,1960.0
3946,USA,Florida,1960.0
3947,AUSTRALIA,Queensland,1960.0
3948,AUSTRALIA,Western Australia,1960.0
3952,USA,California,1960.0
3954,AUSTRALIA,New South Wales,1960.0
3957,USA,Florida,1960.0
3960,USA,South Carolina,1960.0
3962,AUSTRALIA,Western Australia,1960.0
3965,USA,New Jersey,1960.0
3967,USA,Texas,1960.0
3968,USA,Connecticut,1960.0
3970,USA,New Jersey,1960.0
3971,USA,New Jersey,1960.0
3973,USA,Florida,1960.0
3975,USA,Delaware,1960.0
3976,USA,South Carolina,1960.0
3978,USA,Mississippi,1960.0
3979,USA,Virginia,1960.0
3981,USA,South Carolina,1960.0
3984,USA,Florida,1960.0
3985,USA,California,1960.0
3987,USA,Georgia,1960.0
3990,USA,California,1960.0
3991,USA,Florida,1960.0
3994,USA,California,1960.0
3995,AUSTRALIA,Western Australia,1960.0
3998,AUSTRALIA,New South Wales,1960.0
3999,AUSTRALIA,Western Australia,1960.0
4000,AUSTRALIA,Victoria,1960.0
4001,AUSTRALIA,New South Wales,1960.0
4002,AUSTRALIA,South Australia,1960.0
4006,USA,Florida,1960.0
4008,AUSTRALIA,Tasmania,1960.0
4010,USA,Hawaii,1960.0
4013,AUSTRALIA,New South Wales,1960.0
4014,AUSTRALIA,New South Wales,1960.0
4015,USA,Hawaii,1960.0
4018,AUSTRALIA,South Australia,1960.0
4019,AUSTRALIA,New South Wales,1960.0
4020,AUSTRALIA,Western Australia,1960.0
4021,AUSTRALIA,Tasmania,1960.0
4033,AUSTRALIA,Queensland,1959.0
4034,AUSTRALIA,New South Wales,1959.0
4036,AUSTRALIA,Queensland,1959.0
4038,AUSTRALIA,Victoria,1959.0
4039,AUSTRALIA,South Australia,1959.0
4042,AUSTRALIA,Victoria,1959.0
4043,AUSTRALIA,Queensland,1959.0
4044,AUSTRALIA,Queensland,1959.0
4045,USA,Louisiana,1959.0
4047,AUSTRALIA,South Australia,1959.0
4048,USA,California,1959.0
4049,AUSTRALIA,Western Australia,1959.0
4053,USA,California,1959.0
4058,USA,Florida,1959.0
4059,USA,South Carolina,1959.0
4060,USA,California,1959.0
4062,USA,New York,1959.0
4065,AUSTRALIA,Tasmania,1959.0
4068,USA,Florida,1959.0
4069,USA,Florida,1959.0
4070,USA,South Carolina,1959.0
4072,USA,California,1959.0
4075,USA,Georgia,1959.0
4076,USA,California,1959.0
4078,USA,California,1959.0
4079,USA,California,1959.0
4081,USA,California,1959.0
4082,USA,California,1959.0
4083,USA,California,1959.0
4085,USA,Florida,1959.0
4090,USA,California,1959.0
4091,USA,California,1959.0
4093,USA,Florida,1959.0
4094,USA,California,1959.0
4095,USA,Florida,1959.0
4097,AUSTRALIA,New South Wales,1959.0
4098,AUSTRALIA,Torres Strait,1959.0
4099,USA,Hawaii,1959.0
4101,AUSTRALIA,New South Wales,1959.0
4102,USA,Florida,1959.0
4104,USA,Florida,1959.0
4105,AUSTRALIA,Victoria,1959.0
4110,AUSTRALIA,Western Australia,1959.0
4112,AUSTRALIA,Tasmania,1959.0
4113,AUSTRALIA,Tasmania,1959.0
4114,AUSTRALIA,Queensland,1959.0
4118,AUSTRALIA,Tasmania,1959.0
4129,USA,Hawaii,1958.0
4131,AUSTRALIA,Queensland,1958.0
4134,USA,California,1958.0
4135,USA,California,1958.0
4136,USA,Florida,1958.0
4141,USA,New York,1958.0
4145,USA,Florida,1958.0
4146,USA,Florida,1958.0
4147,USA,Florida,1958.0
4151,USA,Florida,1958.0
4154,USA,Florida,1958.0
4155,USA,Florida,1958.0
4156,USA,Florida,1958.0
4157,USA,Florida,1958.0
4158,AUSTRALIA,Queensland,1958.0
4160,USA,Florida,1958.0
4165,AUSTRALIA,New South Wales,1958.0
4166,USA,US Virgin Islands,1958.0
4167,AUSTRALIA,New South Wales,1958.0
4168,AUSTRALIA,New South Wales,1958.0
4180,AUSTRALIA,South Australia,1957.0
4187,AUSTRALIA,New South Wales,1957.0
4191,USA,Florida,1957.0
4192,USA,California,1957.0
4193,USA,North Carolina,1957.0
4194,AUSTRALIA,Torres Strait,1957.0
4196,AUSTRALIA,New South Wales,1957.0
4198,USA,Florida,1957.0
4199,USA,California,1957.0
4200,AUSTRALIA,New South Wales,1957.0
4201,USA,Florida,1957.0
4202,AUSTRALIA,Torres Strait,1957.0
4206,USA,Florida,1957.0
4207,AUSTRALIA,Western Australia,1957.0
4208,USA,Florida,1957.0
4211,USA,Florida,1957.0
4215,USA,Florida,1957.0
4229,USA,Florida,1956.0
4235,USA,Puerto Rico,1956.0
4236,AUSTRALIA,Queensland,1956.0
4237,USA,California,1956.0
4244,USA,Puerto Rico,1956.0
4245,USA,California,1956.0
4247,USA,Florida,1956.0
4248,USA,South Carolina,1956.0
4249,AUSTRALIA,Torres Strait,1956.0
4254,AUSTRALIA,Torres Strait,1956.0
4256,AUSTRALIA,New South Wales,1956.0
4257,AUSTRALIA,Victoria,1956.0
4258,AUSTRALIA,Western Australia,1956.0
4259,AUSTRALIA,Queensland,1956.0
4260,AUSTRALIA,Victoria,1956.0
4261,AUSTRALIA,Torres Strait,1956.0
4263,AUSTRALIA,New South Wales,1956.0
4267,USA,Virginia,1956.0
4268,USA,Virginia,1956.0
4272,AUSTRALIA,Tasmania,1955.0
4273,USA,Florida,1955.0
4276,AUSTRALIA,Queensland,1955.0
4279,USA,Hawaii,1955.0
4280,USA,California,1955.0
4281,USA,California,1955.0
4283,USA,California,1955.0
4286,USA,South Carolina,1955.0
4288,AUSTRALIA,South Australia,1955.0
4290,USA,Rhode Island,1955.0
4293,USA,California,1955.0
4297,USA,Hawaii,1955.0
4298,AUSTRALIA,New South Wales,1955.0
4300,AUSTRALIA,Western Australia,1955.0
4301,USA,California,1955.0
4302,USA,California,1955.0
4303,AUSTRALIA,New South Wales,1955.0
4305,AUSTRALIA,New South Wales,1955.0
4306,AUSTRALIA,New South Wales,1955.0
4307,AUSTRALIA,New South Wales,1955.0
4309,USA,Florida,1955.0
4312,USA,Illinois,1955.0
4316,AUSTRALIA,Victoria,1954.0
4319,USA,Wake Island,1954.0
4320,USA,Virginia,1954.0
4324,USA,California,1954.0
4326,AUSTRALIA,Torres Strait,1954.0
4334,USA,Florida,1954.0
4338,USA,California,1954.0
4339,AUSTRALIA,Queensland,1954.0
4343,USA,Hawaii,1954.0
4345,AUSTRALIA,New South Wales,1954.0
4346,AUSTRALIA,New South Wales,1954.0
4347,AUSTRALIA,Torres Strait,1954.0
4353,USA,Hawaii,1954.0
4359,AUSTRALIA,Queensland,1953.0
4360,AUSTRALIA,New South Wales,1953.0
4361,AUSTRALIA,New South Wales,1953.0
4363,USA,California,1953.0
4364,USA,Georgia,1953.0
4365,USA,New York,1953.0
4366,USA,Hawaii,1953.0
4369,USA,Hawaii,1953.0
4370,USA,California,1953.0
4371,USA,Florida,1953.0
4374,USA,Hawaii,1953.0
4376,AUSTRALIA,Queensland,1953.0
4377,AUSTRALIA,New South Wales,1953.0
4378,USA,Texas,1953.0
4381,AUSTRALIA,New South Wales,1953.0
4382,AUSTRALIA,South Australia,1953.0
4385,USA,Hawaii,1953.0
4386,AUSTRALIA,New South Wales,1953.0
4387,AUSTRALIA,,1953.0
4388,AUSTRALIA,South Australia,1953.0
4389,AUSTRALIA,Tasmania,1953.0
4390,AUSTRALIA,,1953.0
4392,USA,Florida,1953.0
4393,AUSTRALIA,Victoria,1952.0
4394,AUSTRALIA,South Australia,1952.0
4397,USA,Hawaii,1952.0
4398,USA,California,1952.0
4399,USA,Hawaii,1952.0
4403,USA,Florida,1952.0
4404,USA,South Carolina,1952.0
4405,USA,South Carolina,1952.0
4406,USA,California,1952.0
4407,USA,California,1952.0
4408,USA,Puerto Rico,1952.0
4409,USA,California,1952.0
4410,AUSTRALIA,Western Australia,1952.0
4412,AUSTRALIA,South Australia,1952.0
4416,AUSTRALIA,New South Wales,1952.0
4421,USA,Florida,1952.0
4423,AUSTRALIA,New South Wales,1951.0
4425,AUSTRALIA,New South Wales,1951.0
4430,AUSTRALIA,Queensland,1951.0
4434,AUSTRALIA,Queensland,1951.0
4439,USA,California,1951.0
4441,USA,Hawaii,1951.0
4445,AUSTRALIA,New South Wales,1951.0
4446,AUSTRALIA,New South Wales,1951.0
4449,AUSTRALIA,New South Wales,1951.0
4450,AUSTRALIA,New South Wales,1951.0
4452,AUSTRALIA,New South Wales,1951.0
4454,AUSTRALIA,Queensland,1950.0
4455,AUSTRALIA,New South Wales,1950.0
4456,AUSTRALIA,Queensland,1950.0
4457,AUSTRALIA,Northern Territory,1950.0
4458,AUSTRALIA,Queensland,1950.0
4459,AUSTRALIA,Queensland,1950.0
4460,USA,California,1950.0
4461,AUSTRALIA,Queensland,1950.0
4464,AUSTRALIA,South Australia,1950.0
4468,USA,Texas,1950.0
4469,USA,Texas,1950.0
4470,USA,Florida,1950.0
4471,USA,New York,1950.0
4472,USA,Florida,1950.0
4475,AUSTRALIA,Queensland,1950.0
4479,AUSTRALIA,Western Australia,1950.0
4480,AUSTRALIA,Western Australia,1950.0
4482,USA,Hawaii,1950.0
4483,AUSTRALIA,Victoria,1950.0
4484,AUSTRALIA,Tasmania,1950.0
4489,USA,Florida,1950.0
4490,USA,Hawaii,1950.0
4498,AUSTRALIA,Victoria,1949.0
4499,AUSTRALIA,New South Wales,1949.0
4500,AUSTRALIA,Victoria,1949.0
4501,AUSTRALIA,Queensland,1949.0
4502,AUSTRALIA,Queensland,1949.0
4504,AUSTRALIA,Tasmania,1949.0
4508,USA,South Carolina,1949.0
4509,USA,California,1949.0
4511,AUSTRALIA,Western Australia,1949.0
4512,AUSTRALIA,New South Wales,1949.0
4513,AUSTRALIA,Queensland,1949.0
4514,AUSTRALIA,Queensland,1949.0
4516,AUSTRALIA,South Australia,1949.0
4517,AUSTRALIA,New South Wales,1949.0
4518,AUSTRALIA,New South Wales,1949.0
4519,AUSTRALIA,New South Wales,1949.0
4520,AUSTRALIA,Western Australia,1949.0
4528,AUSTRALIA,Western Australia,1948.0
4529,AUSTRALIA,Queensland,1948.0
4532,AUSTRALIA,Queensland,1948.0
4534,AUSTRALIA,Torres Strait,1948.0
4536,USA,Hawaii,1948.0
4537,USA,Hawaii,1948.0
4543,USA,US Virgin Islands,1948.0
4550,USA,Texas,1948.0
4551,AUSTRALIA,New South Wales,1948.0
4552,AUSTRALIA,New South Wales,1948.0
4553,USA,Florida,1948.0
4557,AUSTRALIA,New South Wales,1947.0
4560,AUSTRALIA,South Australia,1947.0
4561,AUSTRALIA,New South Wales,1947.0
4562,AUSTRALIA,New South Wales,1947.0
4563,AUSTRALIA,New South Wales,1947.0
4564,AUSTRALIA,New South Wales,1947.0
4565,AUSTRALIA,Queensland,1947.0
4566,AUSTRALIA,Northern Territory,1947.0
4568,USA,Florida,1947.0
4569,USA,California,1947.0
4570,AUSTRALIA,Northern Territory,1947.0
4573,USA,Hawaii,1947.0
4574,AUSTRALIA,New South Wales,1947.0
4578,AUSTRALIA,New South Wales,1947.0
4582,AUSTRALIA,Queensland,1947.0
4585,AUSTRALIA,New South Wales,1947.0
4587,AUSTRALIA,South Australia,1946.0
4588,AUSTRALIA,Queensland,1946.0
4589,AUSTRALIA,Torres Strait,1946.0
4591,AUSTRALIA,New South Wales,1946.0
4593,AUSTRALIA,Queensland,1946.0
4598,AUSTRALIA,Queensland,1946.0
4599,AUSTRALIA,South Australia,1946.0
4600,AUSTRALIA,South Australia,1946.0
4602,AUSTRALIA,Western Australia,1946.0
4606,AUSTRALIA,Queensland,1946.0
4608,AUSTRALIA,New South Wales,1946.0
4618,USA, North Carolina,1945.0
4621,AUSTRALIA,Queensland,1945.0
4622,USA,North Carolina,1945.0
4630,USA,Florida,1944.0
4632,AUSTRALIA,Queensland,1944.0
4638,AUSTRALIA,Queensland,1944.0
4639,USA,Maryland,1944.0
4644,USA,Florida,1944.0
4654,AUSTRALIA,Western Australia,1944.0
4655,AUSTRALIA,New South Wales,1944.0
4661,USA,South Carolina,1943.0
4664,USA,Florida,1943.0
4667,USA,Florida,1943.0
4670,AUSTRALIA,Tasmania,1943.0
4674,AUSTRALIA,Queensland,1943.0
4676,USA,Hawaii,1943.0
4685,USA,Hawaii,1943.0
4686,USA,Hawaii,1943.0
4687,USA,Hawaii,1943.0
4688,AUSTRALIA,New South Wales,1942.0
4702,AUSTRALIA,Queensland,1942.0
4709,USA,Midway Atoll,1942.0
4711,AUSTRALIA,Queensland,1942.0
4714,AUSTRALIA,New South Wales,1942.0
4715,AUSTRALIA,New South Wales,1942.0
4716,AUSTRALIA,New South Wales,1942.0
4717,AUSTRALIA,New South Wales,1942.0
4719,AUSTRALIA,Tasmania,1942.0
4730,AUSTRALIA,Western Australia,1941.0
4734,AUSTRALIA,Western Australia,1941.0
4736,USA,New York,1941.0
4737,AUSTRALIA,New South Wales,1941.0
4738,USA,South Carolina,1941.0
4739,USA,New Jersey,1941.0
4740,USA,Hawaii,1941.0
4741,USA,New York,1941.0
4744,USA,California,1941.0
4745,AUSTRALIA,New South Wales,1941.0
4756,AUSTRALIA,New South Wales,1940.0
4758,AUSTRALIA,Queensland,1940.0
4759,AUSTRALIA,Northern Territory,1940.0
4761,USA,South Carolina,1940.0
4762,USA,South Carolina,1940.0
4763,USA,North Carolina,1940.0
4765,AUSTRALIA,New South Wales,1940.0
4767,AUSTRALIA,New South Wales,1940.0
4768,AUSTRALIA,New South Wales,1940.0
4769,AUSTRALIA,Queensland,1940.0
4770,AUSTRALIA,New South Wales,1940.0
4771,AUSTRALIA,Queensland,1940.0
4773,AUSTRALIA,Queensland,1940.0
4780,AUSTRALIA,New South Wales,1939.0
4781,AUSTRALIA,Queensland,1939.0
4782,AUSTRALIA,New South Wales,1939.0
4783,AUSTRALIA,New South Wales,1939.0
4784,AUSTRALIA,New South Wales,1939.0
4785,AUSTRALIA,New South Wales,1939.0
4787,AUSTRALIA,Queensland,1939.0
4788,USA,Hawaii,1939.0
4789,AUSTRALIA,Torres Strait ,1939.0
4790,USA,California,1939.0
4793,USA,Texas,1939.0
4794,USA,Virginia,1939.0
4799,AUSTRALIA,New South Wales,1939.0
4805,AUSTRALIA,New South Wales,1938.0
4806,AUSTRALIA,Queensland,1938.0
4808,USA,California,1938.0
4809,USA,South Carolina,1938.0
4811,USA,California,1938.0
4812,AUSTRALIA,Torres Strait,1938.0
4814,AUSTRALIA,New South Wales,1938.0
4819,AUSTRALIA,Northern Territory,1938.0
4820,AUSTRALIA,New South Wales,1938.0
4822,AUSTRALIA,New South Wales,1938.0
4823,AUSTRALIA,New South Wales,1938.0
4826,USA,North Carolina,1938.0
4827,AUSTRALIA,Torres Strait,1938.0
4829,USA,North Carolina,1937.0
4830,AUSTRALIA,Torres Strait ,1937.0
4832,AUSTRALIA,Queensland ,1937.0
4833,AUSTRALIA,Queensland,1937.0
4834,AUSTRALIA,New South Wales,1937.0
4835,AUSTRALIA,New South Wales,1937.0
4840,AUSTRALIA,Torres Strait,1937.0
4843,AUSTRALIA,Northern Territory,1937.0
4846,AUSTRALIA,New South Wales,1937.0
4847,USA,Texas,1937.0
4848,USA,Texas,1937.0
4849,AUSTRALIA,Queensland,1937.0
4850,AUSTRALIA,New South Wales,1937.0
4851,AUSTRALIA,Victoria,1937.0
4852,AUSTRALIA,New South Wales,1937.0
4853,AUSTRALIA,New South Wales,1937.0
4854,AUSTRALIA,New South Wales,1937.0
4855,AUSTRALIA,Queensland,1937.0
4856,AUSTRALIA,South Australia,1937.0
4857,AUSTRALIA,New South Wales,1937.0
4858,AUSTRALIA,Torres Strait,1937.0
4859,USA,Hawaii,1936.0
4860,AUSTRALIA,Queensland,1936.0
4861,AUSTRALIA,New South Wales,1936.0
4862,AUSTRALIA,New South Wales,1936.0
4863,AUSTRALIA,Victoria,1936.0
4864,AUSTRALIA,Torres Strait,1936.0
4866,USA,Hawaii,1936.0
4867,AUSTRALIA,Torres Strait,1936.0
4870,AUSTRALIA,Torres Strait,1936.0
4871,USA,North Carolina,1936.0
4872,USA,Massachusetts,1936.0
4873,USA,New Jersey,1936.0
4874,AUSTRALIA,Torres Strait,1936.0
4876,AUSTRALIA,Torres Strait,1936.0
4877,USA,Florida,1936.0
4878,AUSTRALIA,Queensland,1936.0
4879,AUSTRALIA,Queensland,1936.0
4880,USA,Florida,1936.0
4881,AUSTRALIA,Torres Strait,1936.0
4882,AUSTRALIA,Queensland,1936.0
4883,AUSTRALIA,Northern Territory,1936.0
4884,AUSTRALIA,New South Wales,1936.0
4885,AUSTRALIA,Queensland,1936.0
4886,AUSTRALIA,New South Wales,1936.0
4887,AUSTRALIA,South Australia,1936.0
4888,AUSTRALIA,Queensland,1936.0
4889,AUSTRALIA,New South Wales,1936.0
4890,AUSTRALIA,Victoria ,1936.0
4891,AUSTRALIA,Victoria,1935.0
4892,AUSTRALIA,Torres Strait,1935.0
4893,USA,North Carolina,1935.0
4895,AUSTRALIA,Queensland,1935.0
4897,AUSTRALIA,Torres Strait,1935.0
4898,USA,California,1935.0
4899,USA,California,1935.0
4902,USA,New Jersey,1935.0
4904,AUSTRALIA,South Australia,1935.0
4907,AUSTRALIA,Torres Strait,1935.0
4908,AUSTRALIA,New South Wales,1935.0
4910,USA,California,1935.0
4911,AUSTRALIA,Queensland,1935.0
4913,AUSTRALIA,Torres Strait,1935.0
4914,AUSTRALIA,Queensland,1935.0
4915,AUSTRALIA,New South Wales,1935.0
4916,AUSTRALIA,New South Wales,1935.0
4917,AUSTRALIA,New South Wales,1935.0
4918,AUSTRALIA,New South Wales,1935.0
4919,AUSTRALIA,New South Wales,1935.0
4920,AUSTRALIA,Queensland,1935.0
4922,AUSTRALIA,Queensland,1935.0
4923,AUSTRALIA,New South Wales,1934.0
4924,AUSTRALIA,New South Wales,1934.0
4925,AUSTRALIA,New South Wales,1934.0
4926,AUSTRALIA,New South Wales,1934.0
4927,AUSTRALIA,Northern Territory,1934.0
4929,AUSTRALIA,Torres Strait,1934.0
4933,AUSTRALIA,Queensland,1934.0
4935,USA,Georgia,1934.0
4936,AUSTRALIA,New South Wales,1934.0
4937,AUSTRALIA,New South Wales,1934.0
4938,USA,Florida,1934.0
4939,AUSTRALIA,Queensland,1934.0
4942,AUSTRALIA,New South Wales,1934.0
4943,AUSTRALIA,New South Wales,1934.0
4944,AUSTRALIA,New South Wales,1934.0
4945,AUSTRALIA,Torres Strait,1934.0
4948,AUSTRALIA,New South Wales,1934.0
4949,AUSTRALIA,New South Wales,1934.0
4950,AUSTRALIA,Torres Strait,1933.0
4951,AUSTRALIA,Queensland,1933.0
4952,AUSTRALIA,Queensland,1933.0
4954,USA,California,1933.0
4955,USA,South Carolina,1933.0
4956,USA,Connecticut,1933.0
4957,USA,California,1933.0
4958,AUSTRALIA,Western Australia,1933.0
4959,USA,South Carolina,1933.0
4960,USA,South Carolina,1933.0
4961,AUSTRALIA,Northern Territory,1933.0
4963,AUSTRALIA,Queensland,1933.0
4964,AUSTRALIA,Queensland,1933.0
4966,USA,Florida,1933.0
4967,AUSTRALIA,New South Wales,1933.0
4968,AUSTRALIA,Torres Strait,1933.0
4969,AUSTRALIA,South Australia,1933.0
4970,AUSTRALIA,South Australia,1933.0
4971,AUSTRALIA,Queensland,1933.0
4972,AUSTRALIA,Northern Territory,1932.0
4975,AUSTRALIA,New South Wales,1932.0
4978,AUSTRALIA,New South Wales,1932.0
4979,AUSTRALIA,New South Wales,1932.0
4980,USA,New Jersey,1932.0
4981,AUSTRALIA,Torres Strait,1932.0
4983,USA,Texas,1932.0
4985,USA,New Jersey,1932.0
4986,USA,New Jersey,1932.0
4988,AUSTRALIA,Torres Strait,1932.0
4989,AUSTRALIA,Torres Strait,1932.0
4992,USA,Hawaii,1932.0
4993,AUSTRALIA,Queensland,1932.0
4995,AUSTRALIA,Queensland,1932.0
4996,AUSTRALIA,Victoria,1932.0
4999,AUSTRALIA,Torres Strait,1931.0
5001,USA,Florida,1931.0
5002,USA,Florida,1931.0
5003,USA,Hawaii,1931.0
5005,USA,Hawaii,1931.0
5006,USA,New Jersey,1931.0
5009,USA,Texas,1931.0
5010,USA,New Jersey,1931.0
5011,AUSTRALIA,Queensland,1931.0
5013,USA,New Jersey,1931.0
5014,USA,Hawaii,1931.0
5015,USA,Hawaii,1931.0
5016,USA,Florida,1931.0
5017,AUSTRALIA,New South Wales,1931.0
5019,AUSTRALIA,Queensland,1931.0
5021,AUSTRALIA,South Australia,1931.0
5022,AUSTRALIA,New South Wales,1931.0
5023,AUSTRALIA,Torres Strait,1931.0
5024,AUSTRALIA,Torres Strait,1931.0
5025,AUSTRALIA,Queensland,1931.0
5028,AUSTRALIA,New South Wales,1930.0
5029,AUSTRALIA,New South Wales,1930.0
5030,AUSTRALIA,Victoria,1930.0
5031,AUSTRALIA,New South Wales,1930.0
5032,AUSTRALIA,Queensland,1930.0
5035,AUSTRALIA,Western Australia,1930.0
5037,USA,Florida,1930.0
5039,USA,Florida,1930.0
5040,AUSTRALIA,Torres Strait,1930.0
5041,USA,Texas,1930.0
5045,USA,Florida,1930.0
5046,AUSTRALIA,Torres Strait,1930.0
5047,AUSTRALIA,Victoria,1930.0
5048,AUSTRALIA,Western Australia,1930.0
5054,AUSTRALIA,New South Wales,1929.0
5055,AUSTRALIA,Torres Strait,1929.0
5056,AUSTRALIA,New South Wales,1929.0
5057,AUSTRALIA,Torres Strait,1929.0
5059,AUSTRALIA,Queensland,1929.0
5062,AUSTRALIA,Torres Strait,1929.0
5064,AUSTRALIA,Queensland,1929.0
5065,USA,South Carolina,1929.0
5068,USA,Florida,1929.0
5069,AUSTRALIA,Torres Strait,1929.0
5070,AUSTRALIA,Queensland,1929.0
5071,AUSTRALIA,Queensland,1929.0
5072,AUSTRALIA,Queensland,1929.0
5073,AUSTRALIA,Torres Strait,1929.0
5074,AUSTRALIA,Torres Strait,1929.0
5075,USA,Florida,1929.0
5076,AUSTRALIA,Torres Strait,1929.0
5077,AUSTRALIA,South Australia,1929.0
5078,AUSTRALIA,South Australia,1929.0
5079,AUSTRALIA,New South Wales,1929.0
5080,AUSTRALIA,Western Australia,1929.0
5081,AUSTRALIA,New South Wales,1929.0
5082,AUSTRALIA,Queensland,1929.0
5084,AUSTRALIA,New South Wales,1929.0
5087,AUSTRALIA,New South Wales,1929.0
5088,AUSTRALIA,South Australia,1929.0
5089,USA,Florida,1929.0
5090,AUSTRALIA,New South Wales,1929.0
5091,USA,Florida,1929.0
5092,AUSTRALIA,,1928.0
5093,USA,New Jersey,1928.0
5095,USA,Virginia,1928.0
5097,USA,Texas,1928.0
5098,USA,New Jersey,1928.0
5099,AUSTRALIA,,1928.0
5101,USA,Florida,1928.0
5103,AUSTRALIA,Queensland,1928.0
5104,AUSTRALIA,New South Wales,1928.0
5106,AUSTRALIA,Queensland,1928.0
5107,AUSTRALIA,New South Wales,1928.0
5108,AUSTRALIA,Queensland,1928.0
5109,AUSTRALIA,Torres Strait,1928.0
5112,AUSTRALIA,Torres Strait,1928.0
5113,USA,Florida,1928.0
5114,USA,Florida,1928.0
5119,AUSTRALIA,New South Wales,1927.0
5121,AUSTRALIA,New South Wales,1927.0
5123,AUSTRALIA,New South Wales,1927.0
5125,AUSTRALIA,Queensland,1927.0
5126,AUSTRALIA,Torres Strait,1927.0
5127,AUSTRALIA,Queensland,1927.0
5128,AUSTRALIA,New South Wales,1927.0
5130,AUSTRALIA,Queensland,1927.0
5133,USA,California,1927.0
5134,AUSTRALIA,New South Wales,1927.0
5135,AUSTRALIA,New South Wales,1927.0
5136,AUSTRALIA,Torres Strait,1927.0
5137,AUSTRALIA,Torres Strait,1926.0
5138,AUSTRALIA,Torres Strait,1926.0
5140,AUSTRALIA,New South Wales,1926.0
5143,USA,New Jersey,1926.0
5145,USA,New Jersey,1926.0
5146,USA,California,1926.0
5148,USA,Hawaii,1926.0
5150,USA,Hawaii,1926.0
5151,AUSTRALIA,South Australia,1926.0
5153,AUSTRALIA,Victoria,1926.0
5158,AUSTRALIA,Western Australia,1925.0
5159,USA,Puerto Rico,1925.0
5160,USA,Puerto Rico,1925.0
5163,USA,South Carolina,1925.0
5164,AUSTRALIA,Western Australia,1925.0
5165,USA,Puerto Rico,1925.0
5166,AUSTRALIA,New South Wales,1925.0
5167,AUSTRALIA,New South Wales,1925.0
5169,USA,Florida,1925.0
5174,USA,Puerto Rico,1924.0
5176,AUSTRALIA,Victoria,1924.0
5177,USA,South Carolina,1924.0
5179,USA,California,1924.0
5180,USA,Florida,1924.0
5181,AUSTRALIA,New South Wales,1924.0
5183,AUSTRALIA,Western Australia,1924.0
5186,AUSTRALIA,New South Wales,1924.0
5187,AUSTRALIA,Queensland,1924.0
5190,AUSTRALIA,New South Wales,1924.0
5191,AUSTRALIA,New South Wales,1923.0
5192,AUSTRALIA,New South Wales,1923.0
5193,AUSTRALIA,Western Australia,1923.0
5194,AUSTRALIA,New South Wales,1923.0
5195,AUSTRALIA,New South Wales,1923.0
5196,AUSTRALIA,New South Wales,1923.0
5197,AUSTRALIA,Torres Strait,1923.0
5199,AUSTRALIA,Queensland,1923.0
5200,AUSTRALIA,New South Wales,1923.0
5202,AUSTRALIA,Western Australia,1923.0
5203,AUSTRALIA,Queensland,1923.0
5204,AUSTRALIA,Queensland,1923.0
5205,USA,Puerto Rico,1923.0
5206,AUSTRALIA,Western Australia,1923.0
5207,AUSTRALIA,Western Australia,1923.0
5209,USA,New Jersey,1923.0
5211,USA,New Jersey,1923.0
5212,USA,New Jersey,1922.0
5213,USA,Puerto Rico,1922.0
5214,AUSTRALIA,Queensland,1922.0
5216,AUSTRALIA,New South Wales,1922.0
5217,USA,Hawaii,1922.0
5219,USA,Massachusetts,1922.0
5220,USA,Florida,1922.0
5221,USA,Florida,1922.0
5224,AUSTRALIA,New South Wales,1922.0
5227,AUSTRALIA,New South Wales,1922.0
5228,AUSTRALIA,New South Wales,1922.0
5229,AUSTRALIA,New South Wales,1922.0
5231,AUSTRALIA,Queensland,1922.0
5232,AUSTRALIA,New South Wales,1922.0
5233,AUSTRALIA,New South Wales,1922.0
5234,AUSTRALIA,Queensland,1921.0
5235,AUSTRALIA,Queensland,1921.0
5236,AUSTRALIA,Queensland,1921.0
5238,AUSTRALIA,Queensland,1921.0
5239,AUSTRALIA,Queensland,1921.0
5241,AUSTRALIA,Torres Strait,1921.0
5246,AUSTRALIA,Western Australia,1920.0
5247,AUSTRALIA,Western Australia,1920.0
5249,USA,New York,1920.0
5250,AUSTRALIA,Torres Strait,1920.0
5251,USA,Florida,1920.0
5253,AUSTRALIA,Queensland,1920.0
5254,AUSTRALIA,Torres Strait,1920.0
5256,AUSTRALIA,Torres Strait,1920.0
5257,AUSTRALIA,New South Wales,1920.0
5261,AUSTRALIA,Queensland,1919.0
5262,AUSTRALIA,New South Wales,1919.0
5263,AUSTRALIA,Northern Territory,1919.0
5265,USA,Florida,1919.0
5266,USA,South Carolina,1919.0
5267,USA,Florida,1919.0
5268,AUSTRALIA,New South Wales,1919.0
5269,AUSTRALIA,New South Wales,1919.0
5271,AUSTRALIA,New South Wales,1919.0
5272,AUSTRALIA,Queensland,1919.0
5274,USA,Florida,1919.0
5275,USA,Hawaii,1918.0
5277,AUSTRALIA,Queensland,1918.0
5278,AUSTRALIA,New South Wales,1918.0
5279,AUSTRALIA,Queensland,1918.0
5280,AUSTRALIA,Western Australia,1917.0
5282,USA,New Jersey,1917.0
5283,USA,Hawaii,1917.0
5285,USA,Florida,1917.0
5287,USA,South Carolina,1917.0
5291,AUSTRALIA,Queensland,1916.0
5292,AUSTRALIA,New South Wales,1916.0
5293,AUSTRALIA,New South Wales,1916.0
5295,AUSTRALIA,Queensland,1916.0
5296,AUSTRALIA,Queensland,1916.0
5297,USA,Florida,1916.0
5298,USA,Louisiana,1916.0
5299,USA,North Carolina,1916.0
5300,USA,New York,1916.0
5301,USA,New York,1916.0
5302,USA,New Jersey,1916.0
5303,USA,New Jersey,1916.0
5304,USA,New Jersey,1916.0
5308,USA,New Jersey,1916.0
5309,USA,New Jersey,1916.0
5310,USA,New Jersey,1916.0
5312,USA,Florida,1916.0
5313,AUSTRALIA,New South Wales,1916.0
5314,AUSTRALIA,Victoria,1916.0
5315,AUSTRALIA,New South Wales,1916.0
5316,AUSTRALIA,Torres Strait,1915.0
5317,AUSTRALIA,Queensland,1915.0
5318,AUSTRALIA,New South Wales,1915.0
5319,USA,Florida,1915.0
5323,AUSTRALIA,Torres Strait,1915.0
5324,AUSTRALIA,Queensland,1915.0
5326,AUSTRALIA,New South Wales,1915.0
5327,USA,Florida,1915.0
5328,AUSTRALIA,Queensland,1914.0
5331,USA,Louisiana,1914.0
5333,USA,Louisiana,1914.0
5336,AUSTRALIA,Victoria,1914.0
5338,USA,Florida,1914.0
5339,USA,Florida,1914.0
5341,USA,Hawaii,1914.0
5342,AUSTRALIA,South Australia,1914.0
5343,AUSTRALIA,New South Wales,1914.0
5344,AUSTRALIA,Queensland,1914.0
5346,USA,Florida,1913.0
5349,AUSTRALIA,Queensland,1913.0
5350,USA,Florida,1913.0
5352,USA,New Jersey,1913.0
5353,USA,New Jersey,1913.0
5355,USA,South Carolina,1913.0
5357,USA,Florida,1913.0
5358,AUSTRALIA,New South Wales,1913.0
5360,AUSTRALIA,Torres Strait,1913.0
5363,AUSTRALIA,Victoria,1913.0
5365,USA,Georgia,1912.0
5366,USA,South Carolina,1912.0
5370,AUSTRALIA,Western Australia,1912.0
5371,AUSTRALIA,New South Wales,1912.0
5373,AUSTRALIA,New South Wales,1912.0
5375,AUSTRALIA,New South Wales,1912.0
5376,AUSTRALIA,Queensland,1912.0
5378,USA,Florida,1911.0
5379,USA,South Carolina,1911.0
5380,AUSTRALIA,Queensland,1911.0
5381,USA,Texas,1911.0
5382,USA,Florida,1911.0
5383,USA,Florida,1911.0
5385,USA,Delaware,1911.0
5387,USA,Texas,1911.0
5390,AUSTRALIA,Torres Strait,1911.0
5391,AUSTRALIA,Western Australia,1911.0
5392,USA,Texas,1911.0
5395,AUSTRALIA,Western Australia,1910.0
5397,AUSTRALIA,Queensland,1910.0
5400,USA,Alabama,1910.0
5403,USA,Hawaii,1910.0
5404,AUSTRALIA,Western Australia,1910.0
5405,AUSTRALIA,New South Wales,1910.0
5406,USA,Hawaii,1910.0
5408,USA,Florida,1909.0
5409,AUSTRALIA,New South Wales,1909.0
5410,AUSTRALIA,New South Wales,1909.0
5412,USA,Delaware,1909.0
5413,USA,Florida,1909.0
5414,USA,New York,1909.0
5415,USA,Florida,1909.0
5418,AUSTRALIA,Queensland,1909.0
5420,USA,Hawaii,1909.0
5425,AUSTRALIA,New South Wales,1909.0
5428,AUSTRALIA,Torres Strait,1908.0
5429,USA,California,1908.0
5434,USA,Georgia,1908.0
5437,USA,Florida,1908.0
5438,USA,Hawaii,1908.0
5439,AUSTRALIA,New South Wales,1907.0
5440,AUSTRALIA,Torres Strait,1907.0
5443,AUSTRALIA,New South Wales,1907.0
5445,USA,Hawaii,1907.0
5450,USA,New Jersey,1907.0
5452,AUSTRALIA,Queensland,1907.0
5453,USA,South Carolina,1907.0
5455,USA,Florida,1907.0
5459,AUSTRALIA,Queensland,1907.0
5461,USA,Hawaii,1907.0
5463,USA,Hawaii,1906.0
5464,USA,Hawaii,1906.0
5465,USA,Hawaii,1906.0
5466,USA,Hawaii,1906.0
5469,AUSTRALIA,Torres Strait,1906.0
5470,USA,California,1906.0
5472,USA,Maryland,1906.0
5473,USA,Mississippi,1906.0
5476,AUSTRALIA,Victoria,1906.0
5477,AUSTRALIA,Queensland,1906.0
5479,AUSTRALIA,New South Wales,1906.0
5481,AUSTRALIA,New South Wales,1906.0
5484,AUSTRALIA,Western Australia,1905.0
5485,AUSTRALIA,New South Wales,1905.0
5486,USA,Florida,1905.0
5488,USA,New Jersey,1905.0
5490,USA,North Carolina,1905.0
5493,USA,North Carolina,1905.0
5494,USA,Florida,1905.0
5496,AUSTRALIA,New South Wales,1905.0
5497,AUSTRALIA,Tasmania,1905.0
5498,AUSTRALIA,Victoria,1905.0
5499,AUSTRALIA,Victoria,1905.0
5500,USA,North Carolina,1905.0
5505,USA,New Jersey,1904.0
5506,USA,Texas,1904.0
5508,AUSTRALIA,Queensland,1904.0
5512,USA,,1904.0
5514,USA,Hawaii,1904.0
5516,USA,New Jersey,1903.0
5518,AUSTRALIA,New South Wales,1903.0
5520,AUSTRALIA,New South Wales,1903.0
5521,AUSTRALIA,Queensland,1903.0
5522,AUSTRALIA,New South Wales,1903.0
5524,USA,Hawaii,1903.0
5526,AUSTRALIA,New South Wales,1902.0
5527,USA,Texas,1902.0
5530,USA,Hawaii,1902.0
5532,USA,New Jersey,1902.0
5537,AUSTRALIA,New South Wales,1902.0
5539,AUSTRALIA,Queensland,1902.0
5540,AUSTRALIA,Queensland,1901.0
5547,AUSTRALIA,Queensland,1901.0
5548,USA,Florida,1901.0
5549,AUSTRALIA,New South Wales,1900.0
5552,AUSTRALIA,Queensland,1900.0
5553,USA,Rhode Island,1900.0
5554,USA,Hawaii,1900.0
5555,USA,North Carolina,1900.0
5557,USA,Hawaii,1900.0
5558,USA,Connecticut,1900.0
5559,AUSTRALIA,New South Wales,1900.0
5560,USA,Hawaii,1900.0
5562,AUSTRALIA,Queensland,
